-- phpMyAdmin SQL Dump
-- version 4.8.5
-- https://www.phpmyadmin.net/
--
-- Host: 127.0.0.1
-- Generation Time: Aug 07, 2020 at 02:47 PM
-- Server version: 10.1.38-MariaDB
-- PHP Version: 7.3.20

SET SQL_MODE = "NO_AUTO_VALUE_ON_ZERO";
SET AUTOCOMMIT = 0;
START TRANSACTION;
SET time_zone = "+00:00";


/*!40101 SET @OLD_CHARACTER_SET_CLIENT=@@CHARACTER_SET_CLIENT */;
/*!40101 SET @OLD_CHARACTER_SET_RESULTS=@@CHARACTER_SET_RESULTS */;
/*!40101 SET @OLD_COLLATION_CONNECTION=@@COLLATION_CONNECTION */;
/*!40101 SET NAMES utf8mb4 */;

--
-- Database: `wishlist`
--

-- --------------------------------------------------------

--
-- Table structure for table `category`
--

CREATE TABLE `category` (
  `category_id` int(11) NOT NULL,
  `category_name` varchar(255) NOT NULL,
  `created_at` timestamp NOT NULL DEFAULT CURRENT_TIMESTAMP,
  `updated_at` timestamp NOT NULL DEFAULT CURRENT_TIMESTAMP,
  `status` varchar(255) NOT NULL DEFAULT 'current'
) ENGINE=InnoDB DEFAULT CHARSET=latin1;

--
-- Dumping data for table `category`
--

INSERT INTO `category` (`category_id`, `category_name`, `created_at`, `updated_at`, `status`) VALUES
(1, 'men clothing', '2020-08-05 03:30:29', '2020-08-05 03:30:29', 'current'),
(2, 'jewelery', '2020-08-05 03:30:48', '2020-08-05 03:30:48', 'current'),
(3, 'electronics', '2020-08-05 03:31:06', '2020-08-05 03:31:06', 'current'),
(4, 'women clothing', '2020-08-05 03:31:27', '2020-08-05 03:31:27', 'current');

-- --------------------------------------------------------

--
-- Table structure for table `failed_jobs`
--

CREATE TABLE `failed_jobs` (
  `id` bigint(20) UNSIGNED NOT NULL,
  `connection` text COLLATE utf8mb4_unicode_ci NOT NULL,
  `queue` text COLLATE utf8mb4_unicode_ci NOT NULL,
  `payload` longtext COLLATE utf8mb4_unicode_ci NOT NULL,
  `exception` longtext COLLATE utf8mb4_unicode_ci NOT NULL,
  `failed_at` timestamp NOT NULL DEFAULT CURRENT_TIMESTAMP
) ENGINE=InnoDB DEFAULT CHARSET=utf8mb4 COLLATE=utf8mb4_unicode_ci;

-- --------------------------------------------------------

--
-- Table structure for table `migrations`
--

CREATE TABLE `migrations` (
  `id` int(10) UNSIGNED NOT NULL,
  `migration` varchar(191) COLLATE utf8mb4_unicode_ci NOT NULL,
  `batch` int(11) NOT NULL
) ENGINE=InnoDB DEFAULT CHARSET=utf8mb4 COLLATE=utf8mb4_unicode_ci;

--
-- Dumping data for table `migrations`
--

INSERT INTO `migrations` (`id`, `migration`, `batch`) VALUES
(1, '2014_10_12_000000_create_users_table', 1),
(2, '2014_10_12_100000_create_password_resets_table', 1),
(3, '2016_06_01_000001_create_oauth_auth_codes_table', 1),
(4, '2016_06_01_000002_create_oauth_access_tokens_table', 1),
(5, '2016_06_01_000003_create_oauth_refresh_tokens_table', 1),
(6, '2016_06_01_000004_create_oauth_clients_table', 1),
(7, '2016_06_01_000005_create_oauth_personal_access_clients_table', 1),
(8, '2019_08_19_000000_create_failed_jobs_table', 1);

-- --------------------------------------------------------

--
-- Table structure for table `oauth_access_tokens`
--

CREATE TABLE `oauth_access_tokens` (
  `id` varchar(100) COLLATE utf8mb4_unicode_ci NOT NULL,
  `user_id` bigint(20) UNSIGNED DEFAULT NULL,
  `client_id` bigint(20) UNSIGNED NOT NULL,
  `name` varchar(191) COLLATE utf8mb4_unicode_ci DEFAULT NULL,
  `scopes` text COLLATE utf8mb4_unicode_ci,
  `revoked` tinyint(1) NOT NULL,
  `created_at` timestamp NULL DEFAULT NULL,
  `updated_at` timestamp NULL DEFAULT NULL,
  `expires_at` datetime DEFAULT NULL
) ENGINE=InnoDB DEFAULT CHARSET=utf8mb4 COLLATE=utf8mb4_unicode_ci;

--
-- Dumping data for table `oauth_access_tokens`
--

INSERT INTO `oauth_access_tokens` (`id`, `user_id`, `client_id`, `name`, `scopes`, `revoked`, `created_at`, `updated_at`, `expires_at`) VALUES
('01522a215741376efadd5c3b0d2583bba1d9b54816f86c46053146c4856b6a92117722885625abb2', 1, 1, 'appToken', '[]', 0, '2020-08-05 04:39:50', '2020-08-05 04:39:50', '2021-08-05 10:09:50'),
('01fe02df72e5661de7c56798af2e9a6c7dcdf85980ae468dea035cfb8991be5a917b85a62d261b44', 1, 1, 'appToken', '[]', 0, '2020-08-04 22:11:43', '2020-08-04 22:11:43', '2021-08-05 03:41:43'),
('05c14e1450f273557a6228d4ede7e73ce8c51b60d0392e83df0a998527a70f150952c836f7c89cca', 1, 1, 'appToken', '[]', 0, '2020-08-06 05:44:50', '2020-08-06 05:44:50', '2021-08-06 11:14:50'),
('05cd81f748b340ca13a9b6646ee0cff025329dd3cc10f588afe63a354f96bec5696237de2804f5fa', 1, 1, 'appToken', '[]', 0, '2020-08-05 04:32:15', '2020-08-05 04:32:15', '2021-08-05 10:02:15'),
('069c15f98c4773406281dd5f9d91d956032363a8a3d36e88328884b2b83b0995f7d9aa80622da6b6', 1, 1, 'appToken', '[]', 0, '2020-08-06 06:23:12', '2020-08-06 06:23:12', '2021-08-06 11:53:12'),
('09a41d173e12565327b17a64634a741172020a6253597f34c5651ed9caf5961a99f5141b363ee0ab', 1, 1, 'appToken', '[]', 0, '2020-08-04 04:55:14', '2020-08-04 04:55:14', '2021-08-04 10:25:14'),
('0a59822015380caf0fcc57965e0fca7cb9bd5f3c0fa7190c2363477b781c75d097bf971055c71474', 1, 1, 'appToken', '[]', 0, '2020-08-06 23:41:15', '2020-08-06 23:41:15', '2021-08-07 05:11:15'),
('0c2cbb05ab18014e2e86c93f54eab7fd2cc60094e6109662e7bad212b081e257c579c475aa681c8c', 1, 1, 'appToken', '[]', 0, '2020-08-04 05:30:01', '2020-08-04 05:30:01', '2021-08-04 11:00:01'),
('0c6a3c99ece97e986f82001db2a75fcc39fd2bda1db5a7f524377737e21e5d2f46358051c08d57ee', 1, 1, 'appToken', '[]', 0, '2020-08-04 23:13:37', '2020-08-04 23:13:37', '2021-08-05 04:43:37'),
('0d3a4a9e37e520134e07af75f128fc6eb42dab47d62f7469c89460fed758b7810d608d709e4e0c59', 16, 1, 'appToken', '[]', 0, '2020-08-04 04:35:11', '2020-08-04 04:35:11', '2021-08-04 10:05:11'),
('0dca30ee29715e9a6ce6fbec8f75d8301d3770f4f533843bb97064ca42331d365281a48b624b2c6d', 1, 1, 'appToken', '[]', 0, '2020-08-05 03:05:41', '2020-08-05 03:05:41', '2021-08-05 08:35:41'),
('0e3b8fe083ea416ca5aebdb0a50d7d3f2faf1b132ff413b13eb2016a3b3c10eac5d1f3647a50b194', 1, 1, 'appToken', '[]', 0, '2020-08-05 04:45:08', '2020-08-05 04:45:08', '2021-08-05 10:15:08'),
('102ec01c3d1b18ef7bb1d9a1ee62c8c0946534e6198faf48cf0aa807f9bb7e073de16301575e5e07', 4, 1, 'appToken', '[]', 0, '2020-08-04 03:41:35', '2020-08-04 03:41:35', '2021-08-04 09:11:35'),
('10b6543231dcef3467da327eeb42234c96dc0549388181fae4c34dab46f9a09fcccb7d86cffbee53', 1, 1, 'appToken', '[]', 0, '2020-08-05 01:16:55', '2020-08-05 01:16:55', '2021-08-05 06:46:55'),
('12220d23de24c3d76a0b4cedf6c90263966c7e0944bd5c61a415400cf48132701d8b6426c9802b32', 8, 1, 'appToken', '[]', 0, '2020-08-04 03:51:03', '2020-08-04 03:51:03', '2021-08-04 09:21:03'),
('12d67b7b1717faa399f5baec04186ee6efddb0a79cb51d9fa5f997c7fd95bb8837bc2c72eece4757', 10, 1, 'appToken', '[]', 0, '2020-08-04 04:22:07', '2020-08-04 04:22:07', '2021-08-04 09:52:07'),
('12e2384149a4da96a39e697a2ca2bf923c3cedae34aeb238bcde9c48862866ae5c11224c4741032f', 1, 1, 'appToken', '[]', 0, '2020-08-06 05:53:47', '2020-08-06 05:53:47', '2021-08-06 11:23:47'),
('132c67ff35ecd01ec2cda651838b62cfc4d6c777f2441d901dc8491f78fb4048255458e99c7de883', 1, 1, 'appToken', '[]', 0, '2020-08-04 05:36:40', '2020-08-04 05:36:40', '2021-08-04 11:06:40'),
('15612c5c42636967c7532d3478c764a1339c824883928d4907f60afa3336352b63c09b430f1bfdc9', 1, 1, 'appToken', '[]', 0, '2020-08-05 03:48:11', '2020-08-05 03:48:11', '2021-08-05 09:18:11'),
('15c06555b7a61c42e6825a910b5d8009ef71db3bfd759886bc45a3bac84e27a69c7120a751723660', 1, 1, 'appToken', '[]', 0, '2020-08-06 23:04:18', '2020-08-06 23:04:18', '2021-08-07 04:34:18'),
('1634e5d745c7dd658764630431af49a3dbb5f27f972580cb3961466c2fb046eb9e955c056994001c', 1, 1, 'appToken', '[]', 0, '2020-08-04 12:43:57', '2020-08-04 12:43:57', '2021-08-04 18:13:57'),
('16e74bb53956f23d26d1c5527ddb258d4ff748fd85e50410980c965b24b93c68763b02a05007ac70', 19, 1, 'appToken', '[]', 0, '2020-08-04 04:37:52', '2020-08-04 04:37:52', '2021-08-04 10:07:52'),
('18d99f3d64e70fab3d0a0d052a60aafca02a709d9be267c7ea2f28d56a308a7cd0462ed171e1fdb5', 1, 1, 'appToken', '[]', 0, '2020-08-05 04:39:05', '2020-08-05 04:39:05', '2021-08-05 10:09:05'),
('1a2a489ba050340014bda56f78fe3bba446e54b676759c9c90bcc99a60aa327786a705553742e868', 1, 1, 'appToken', '[]', 0, '2020-08-05 04:53:24', '2020-08-05 04:53:24', '2021-08-05 10:23:24'),
('1ad2252116e17b018486a18fa1f71a95bfb0c8799068b54dbc43347f9411cceab528801613e729c1', 1, 1, 'appToken', '[]', 0, '2020-08-04 04:52:36', '2020-08-04 04:52:36', '2021-08-04 10:22:36'),
('1fad8a30bf513a3497e259a66c1015e31b21ea4a7ced25c283101608f08bd122ddccd8fd562e23da', 24, 1, 'appToken', '[]', 0, '2020-08-04 09:57:01', '2020-08-04 09:57:01', '2021-08-04 15:27:01'),
('20011ef47a9f1a19498a41862e342454d52ddc4f5cd8b55d1e4e3ca4966ee43d32aba59f50404710', 1, 1, 'appToken', '[]', 0, '2020-08-05 04:36:42', '2020-08-05 04:36:42', '2021-08-05 10:06:42'),
('20396cf3364ca6d7753f0513ff68039c83ae49b6c9b33a2eddc03a4417039b6843ba04c3e37d00f5', 1, 1, 'appToken', '[]', 0, '2020-08-07 00:59:00', '2020-08-07 00:59:00', '2021-08-07 06:29:00'),
('2073d7f0d3f44db06b1f68c0008ab511a4e0df148182e1263364e9b9f70b2d5d45e4912c30c5c28b', 1, 1, 'appToken', '[]', 0, '2020-08-06 05:53:57', '2020-08-06 05:53:57', '2021-08-06 11:23:57'),
('215f663dcccf6f3bad3fdc719b938bc354406cfff483a84aa107b1f9f5a63204861f4c3baf3308fc', 1, 1, 'appToken', '[]', 0, '2020-08-04 13:32:24', '2020-08-04 13:32:24', '2021-08-04 19:02:24'),
('216bd6c21d11dfa7e25812e56d2a71f0c0996e3a225c35770fbe87acda60c198c477a47375db2974', 1, 1, 'appToken', '[]', 0, '2020-08-03 23:26:07', '2020-08-03 23:26:07', '2021-08-04 04:56:07'),
('24dcd8a0b5b101aec9310ab43f80f04ef1809284a2af57c4b81e55373d6f6750ff1958d8caa51872', 1, 1, 'appToken', '[]', 0, '2020-08-04 04:52:38', '2020-08-04 04:52:38', '2021-08-04 10:22:38'),
('25b102da399e8f126e8808d3e4c82705f33e4e1f0cf5f34ba4e274f5bc93d4fcb8818c0d1744f076', 1, 1, 'appToken', '[]', 0, '2020-08-04 13:35:19', '2020-08-04 13:35:19', '2021-08-04 19:05:19'),
('25e5cd4834717bc81e09ff8267707d0e4d9cd031039900a1feea913a562c6b3370b1f67fb057f08a', 31, 1, 'appToken', '[]', 0, '2020-08-04 10:53:18', '2020-08-04 10:53:18', '2021-08-04 16:23:18'),
('2668d90d175097f92dbcfb1675fa35d4c9f1de275085a17aa9a52e9568495d2195c3a3a1eab2e72b', 1, 1, 'appToken', '[]', 0, '2020-08-05 02:27:40', '2020-08-05 02:27:40', '2021-08-05 07:57:40'),
('266d7dde8b5bc0f0c1633a224fef8dadc81b4d3e98b1f5ae424b0edd871186feab08d51c55e9eb07', 1, 1, 'appToken', '[]', 0, '2020-08-05 01:04:10', '2020-08-05 01:04:10', '2021-08-05 06:34:10'),
('27bda214d23a6994562c5f5ab080f7499012949e9844e1a82987764803a93de15f98589760633579', 1, 1, 'appToken', '[]', 0, '2020-08-05 03:20:17', '2020-08-05 03:20:17', '2021-08-05 08:50:17'),
('28bae7c6560f492779d69b7e538fe4b0ab70013170e949d83fa081f9e6af7054eaef9c3aa59543b2', 1, 1, 'appToken', '[]', 0, '2020-08-04 13:14:42', '2020-08-04 13:14:42', '2021-08-04 18:44:42'),
('29129b9e2020557fbe8c75cd0d494832c7808e260db5578341fa35ee686dddb8f85bc37848c97d3c', 1, 1, 'appToken', '[]', 0, '2020-08-05 03:00:19', '2020-08-05 03:00:19', '2021-08-05 08:30:19'),
('2949c3c697d4ed9361b341059b68bd6d5db993ca6d42d16d5c46834fb7985049e0238c4b7030de7c', 1, 1, 'appToken', '[]', 0, '2020-08-04 12:52:06', '2020-08-04 12:52:06', '2021-08-04 18:22:06'),
('299657e9c2b0859c9acd1d8246dd1f7aad54dce8520d2470f5e6fa81e10a9465ed2b8fedcbb95f1d', 1, 1, 'appToken', '[]', 0, '2020-08-04 23:30:15', '2020-08-04 23:30:15', '2021-08-05 05:00:15'),
('29a99ff9c7853ee6bb606b196859c2aba84ab462fb72de8cc012a440b27c2255724577896e46aaee', 1, 1, 'appToken', '[]', 0, '2020-08-04 12:40:36', '2020-08-04 12:40:36', '2021-08-04 18:10:36'),
('2ad3fdba32a270c38c742244cb7cbc65b4161cd83d040b8857ddd4aa42ac76b5a5a753f6d77ab792', 36, 1, 'appToken', '[]', 0, '2020-08-04 11:05:57', '2020-08-04 11:05:57', '2021-08-04 16:35:57'),
('2d5e3c48244bfa371c3d5a055fccd79d67ea23193d5e7732ec472de7ca60192a075fb89cd9d55b33', 1, 1, 'appToken', '[]', 0, '2020-08-06 06:23:35', '2020-08-06 06:23:35', '2021-08-06 11:53:35'),
('2e65bc7cf4476faefbac71479644ecaf4d8dd727d1afa3c17498e9a3df6b16aa260f94f566421e90', 1, 1, 'appToken', '[]', 0, '2020-08-04 04:54:46', '2020-08-04 04:54:46', '2021-08-04 10:24:46'),
('2f46f2a9766250ec9403a7728f77ddf6e1220aac129ed6220b816b84b72e63e3a25035da22dcb411', 1, 1, 'appToken', '[]', 0, '2020-08-06 14:17:05', '2020-08-06 14:17:05', '2021-08-06 19:47:05'),
('2f6649e402bbcd5e4607f8dc351ee8a0502708eb4995bbdb0ea03befea021e9de090e05f5a4572b4', 1, 1, 'appToken', '[]', 0, '2020-08-04 22:33:35', '2020-08-04 22:33:35', '2021-08-05 04:03:35'),
('302dcd0341d96c695c52959284b3459ba7caa685e9ac2190e3fef91897b6f2d51f40acc13c7e7a0e', 1, 1, 'appToken', '[]', 0, '2020-08-05 05:45:46', '2020-08-05 05:45:46', '2021-08-05 11:15:46'),
('316325c8afcd91942b3d3e081d32771e678dea55f4fa1f1aa2899678c996dcbeb95c435f3b0d9109', 1, 1, 'appToken', '[]', 0, '2020-08-04 13:17:56', '2020-08-04 13:17:56', '2021-08-04 18:47:56'),
('335c037017d5a0823f33ca900fd28e49f4402b18139881a5835a0b7bf5d024ca9eb57a005ec974f8', 1, 1, 'appToken', '[]', 0, '2020-08-05 00:25:21', '2020-08-05 00:25:21', '2021-08-05 05:55:21'),
('33d184f689dc7ebd93a49a557ddd73dc62cb2871dea3304b73254562b27e1980903838cc1ff15223', 1, 1, 'appToken', '[]', 0, '2020-08-04 22:32:43', '2020-08-04 22:32:43', '2021-08-05 04:02:43'),
('354ee12bf88f24a7f8281e534fab3feaf20d28fe5610915cd3536d31fd820e07ef0e5b6514e31889', 29, 1, 'appToken', '[]', 0, '2020-08-04 10:49:03', '2020-08-04 10:49:03', '2021-08-04 16:19:03'),
('3875c47ba8b8eff84600f89e90e9ec2600d57ad3a33e1ab940e1fb75409d1542f9c2330e7d4426a8', 1, 1, 'appToken', '[]', 0, '2020-08-05 04:07:01', '2020-08-05 04:07:01', '2021-08-05 09:37:01'),
('3952f82999daa37bf21a1121cad25f85bbc28f332ef8cf4a37f21e5292a46a1f1c5d3ca6d396cd2b', 1, 1, 'appToken', '[]', 0, '2020-08-04 22:16:16', '2020-08-04 22:16:16', '2021-08-05 03:46:16'),
('3b8aa9f21a31713565096d0f554e427200babcac0eaecfcc30b1d92d6a15400a4ef80d917fca39a1', 1, 1, 'appToken', '[]', 0, '2020-08-05 02:45:48', '2020-08-05 02:45:48', '2021-08-05 08:15:48'),
('3b9d0d011c08e568b741bce38758fc2602e745ef3abcb9489ff5b122fa426d014c3cb8cd725cf5ae', 1, 1, 'appToken', '[]', 0, '2020-08-04 05:00:24', '2020-08-04 05:00:24', '2021-08-04 10:30:24'),
('3e0b9c9529ef0a9a3fe14db5d4517eba1fa1bdbd44995ae9d15d9678bba90bbbd1fe7d79593fda37', 1, 1, 'appToken', '[]', 0, '2020-08-06 06:04:51', '2020-08-06 06:04:51', '2021-08-06 11:34:51'),
('3e476091c5cf783744234bc24cc3b609dbfb3fe9c01434b0b76dffdda344b2596722d9b44c423639', 1, 1, 'appToken', '[]', 0, '2020-08-04 23:15:35', '2020-08-04 23:15:35', '2021-08-05 04:45:35'),
('3ed843ba6111a3f755802f45b4c8c9bdc6ad4a23e19ec20740f667efd942a56da685976375e3955d', 1, 1, 'appToken', '[]', 0, '2020-08-06 06:17:41', '2020-08-06 06:17:41', '2021-08-06 11:47:41'),
('4002f4912a672b6fc2f910df40e40968d0a4e9f9085314ea66c9296e5b6e709fbd3402c02e46fcfe', 1, 1, 'appToken', '[]', 0, '2020-08-04 23:40:55', '2020-08-04 23:40:55', '2021-08-05 05:10:55'),
('400adef3229a502efeeb6b507bfe2f088ef52dbf995657c34f0ffc20ccb692d2b1831a5c0e4d4fbd', 6, 1, 'appToken', '[]', 0, '2020-08-04 03:43:41', '2020-08-04 03:43:41', '2021-08-04 09:13:41'),
('42c665d39493b4bb64cbdc1ba0a902675029c550477f613fa2300c5694f7a4481239afa32298aa0f', 20, 1, 'appToken', '[]', 0, '2020-08-04 04:42:38', '2020-08-04 04:42:38', '2021-08-04 10:12:38'),
('4342ebcae47a9d58cc9a59bd216f88315c2913b4a0f7cbddcce0f9468c601a2b60e996ee3e1e5fbc', 1, 1, 'appToken', '[]', 0, '2020-08-05 03:55:47', '2020-08-05 03:55:47', '2021-08-05 09:25:47'),
('43491ac06765c88609fa42c0cd5f469a56029eb8ff352121ee6496396ae9f5435f7d22fe91614c39', 1, 1, 'appToken', '[]', 0, '2020-08-04 23:23:57', '2020-08-04 23:23:57', '2021-08-05 04:53:57'),
('482a628620b12e7f36b3263018818949276e75855cebb32d56f25ebd6df9a9e8cb04f1fc9db17ad5', 27, 1, 'appToken', '[]', 0, '2020-08-04 10:12:59', '2020-08-04 10:12:59', '2021-08-04 15:42:59'),
('48670d5357b13ddaab8581838440cf53581b7507c7a80a9c8383733f898eb7c7baceb2e6917c4757', 1, 1, 'appToken', '[]', 0, '2020-08-04 13:17:08', '2020-08-04 13:17:08', '2021-08-04 18:47:08'),
('48dc7ecf888f46a920aa614152cdedfc715e82c8b3e3ba4a6254e9ef21b54e52dba383da4b3ada3c', 1, 1, 'appToken', '[]', 0, '2020-08-05 02:33:41', '2020-08-05 02:33:41', '2021-08-05 08:03:41'),
('48ed0db6dd039d50ca851fc432cad1ae9b7081e60d71256c996bb81158af8689dc10dfff2ea5a0de', 1, 1, 'appToken', '[]', 0, '2020-08-04 13:14:43', '2020-08-04 13:14:43', '2021-08-04 18:44:43'),
('49922793954a213b56ef970e58047296d41c7312b360ee933bd110f7ca3117143d4c718a94f6d9d2', 1, 1, 'appToken', '[]', 0, '2020-08-04 12:53:03', '2020-08-04 12:53:03', '2021-08-04 18:23:03'),
('4bf7a71d83cc62e8d2f4a3d77e717e2b3ff14148544b5ea471931dee12090d3d7bd960494a647ee0', 1, 1, 'appToken', '[]', 0, '2020-08-05 03:36:16', '2020-08-05 03:36:16', '2021-08-05 09:06:16'),
('4dfc607dac81dfa4ea275664e10b2cbe2ef19952081aef801c8248b2e229f316b626e174a13d5a0d', 1, 1, 'appToken', '[]', 0, '2020-08-05 02:27:40', '2020-08-05 02:27:40', '2021-08-05 07:57:40'),
('502b93ef16aefc17d519b83ff8397aa2b22a661c13e5b4cf83ff8109b06271c7ca3ce1d085706b8c', 1, 1, 'appToken', '[]', 0, '2020-08-05 04:15:36', '2020-08-05 04:15:36', '2021-08-05 09:45:36'),
('511ede8295140c7d574fc9f189e51c422d4a8470a5871ca4eb49c1a2901867fdbe99cf93efb8495b', 1, 1, 'appToken', '[]', 0, '2020-08-05 02:32:15', '2020-08-05 02:32:15', '2021-08-05 08:02:15'),
('5173460410dafa619ac98f93fabcd53a30a4f82163f04704a0936eb0598d4ec7ba8563112d898608', 1, 1, 'appToken', '[]', 0, '2020-08-05 01:07:18', '2020-08-05 01:07:18', '2021-08-05 06:37:18'),
('526e73b14ea41e4ade5a2794fe2b6df22dacc9ec1e69e4786ee1cf2cdf3f84be8a3f2042c778323b', 1, 1, 'appToken', '[]', 0, '2020-08-06 14:31:41', '2020-08-06 14:31:41', '2021-08-06 20:01:41'),
('53914cd6cb3ab447f82a70478f467ec410892005f89214121267bebbc8af91a45e570fd2d760835a', 1, 1, 'appToken', '[]', 0, '2020-08-05 02:37:54', '2020-08-05 02:37:54', '2021-08-05 08:07:54'),
('576524b6cf82f9b7765f0c0154dc6e26442bb6bcfdccfc64bd2bdb286f47240e38369fb55527df3c', 1, 1, 'appToken', '[]', 0, '2020-08-04 22:41:52', '2020-08-04 22:41:52', '2021-08-05 04:11:52'),
('59938026367d6c479d1524ee0335beee069c8857045d3aa8b296688e5ecf651420149e0b63eb1765', 1, 1, 'appToken', '[]', 0, '2020-08-05 04:54:35', '2020-08-05 04:54:35', '2021-08-05 10:24:35'),
('5ac1501627a70ff2bc4731bf1a875b94b164ef8c3c031e1c149c39d10fcf01d09229881437fc4b78', 22, 1, 'appToken', '[]', 0, '2020-08-04 09:40:02', '2020-08-04 09:40:02', '2021-08-04 15:10:02'),
('5c4247560790c6fb6ac62b463a6e1aca4ad59bc8b1b2186150b41bcb0af664c7fe58a19ac29e3fed', 12, 1, 'appToken', '[]', 0, '2020-08-04 04:26:40', '2020-08-04 04:26:40', '2021-08-04 09:56:40'),
('5e3b5a1375432c0bb3a4c9aae74e4e3a06578fab0efa263463114a74ae92291e29866d4f14a69859', 1, 1, 'appToken', '[]', 0, '2020-08-05 01:03:57', '2020-08-05 01:03:57', '2021-08-05 06:33:57'),
('5ed925fe8a814cc56f5a60341eee0828152b1e3e6f3e0ecff4e54cccc7f4626774d59c405e5d0953', 1, 1, 'appToken', '[]', 0, '2020-08-04 23:32:10', '2020-08-04 23:32:10', '2021-08-05 05:02:10'),
('607ce0dd8fe770c500f2bec3ea5a2aead80e13e272a56cf296ebb6ca23c7e5a9f9aa1c34ab5bd0da', 1, 1, 'appToken', '[]', 0, '2020-08-05 02:51:24', '2020-08-05 02:51:24', '2021-08-05 08:21:24'),
('60f1d09c01028340c9c4bd6b30b880333654849241acd1cb61dc43f189e3b74fc4f4d30d466d2c40', 1, 1, 'appToken', '[]', 0, '2020-08-04 13:40:05', '2020-08-04 13:40:05', '2021-08-04 19:10:05'),
('616e4a3cb3ad0dba5f96f4933d9c46da3eaa1cf8e41f41ae6712ab55d9d9a2aea31e9a6ff1a01336', 1, 1, 'appToken', '[]', 0, '2020-08-05 02:49:52', '2020-08-05 02:49:52', '2021-08-05 08:19:52'),
('639f09b8ca91e9f52e2bdf1ab9d76f4296c4a7aa289d1e04a16ca8c86b670aac795a55b85e977f3f', 1, 1, 'appToken', '[]', 0, '2020-08-07 05:05:00', '2020-08-07 05:05:00', '2021-08-07 10:35:00'),
('65aac18d1b721ce6302d5855ce0ca7982634b4d28a39346465a5c12340790d893eda3867966d8e0e', 1, 1, 'appToken', '[]', 0, '2020-08-05 04:23:44', '2020-08-05 04:23:44', '2021-08-05 09:53:44'),
('65af7045edabe0ecb81adea900595fd84c5cd77b34f971641767afd5efe435fa04f78b35564f3bc5', 13, 1, 'appToken', '[]', 0, '2020-08-04 04:31:40', '2020-08-04 04:31:40', '2021-08-04 10:01:40'),
('6a86f0fe191b5351590b617f53d47c2fd0579a68dc2976c08640f912890502ef5df4819259011322', 1, 1, 'appToken', '[]', 0, '2020-08-04 23:08:11', '2020-08-04 23:08:11', '2021-08-05 04:38:11'),
('6b5e1b4f5ede0b716cf241f3ed08851aa5693319f9585f40b0b34c07a5081ddfe7220e1d11e48363', 1, 1, 'appToken', '[]', 0, '2020-08-05 01:04:12', '2020-08-05 01:04:12', '2021-08-05 06:34:12'),
('6c09947501e609333d66345e1bf33ee0c0a0406c332cdd5d4a3365f62c50cdbce5c3a358fb0445b4', 1, 1, 'appToken', '[]', 0, '2020-08-05 03:31:26', '2020-08-05 03:31:26', '2021-08-05 09:01:26'),
('6c372b5a3df04c54c576dd650329f037759fe7305abbf02e4dbaf8898931650d81a97eb7504b14d5', 1, 1, 'appToken', '[]', 0, '2020-08-05 01:04:16', '2020-08-05 01:04:16', '2021-08-05 06:34:16'),
('72ba2b8a4e104bb2f2ad5709e68c6dacb414c0688c356312cba0248bf57c583142b64fee49a52c31', 38, 1, 'appToken', '[]', 0, '2020-08-04 11:25:33', '2020-08-04 11:25:33', '2021-08-04 16:55:33'),
('72ec3d25d8f4f3e4f53733a94ebb9340bca17eb7f6efa4e594d57da3db1cce6bedf110ec77feed6a', 1, 1, 'appToken', '[]', 0, '2020-08-05 04:17:11', '2020-08-05 04:17:11', '2021-08-05 09:47:11'),
('73019c6c2eaa3dbfb551e6d655421560edba4e495a12d6cd93f2e9c600349a0f291c4695c2b58489', 1, 1, 'appToken', '[]', 0, '2020-08-04 22:36:55', '2020-08-04 22:36:55', '2021-08-05 04:06:55'),
('733dff64a112a22a57cf8fc15b11fb472504aeaf0a3897871170d03db852a00b7730fe33b2e5fc2d', 1, 1, 'appToken', '[]', 0, '2020-08-05 00:24:37', '2020-08-05 00:24:37', '2021-08-05 05:54:37'),
('734ea600404b816e99a28f48c4c252287a577c24d6af97d1616c911280201d1221319cdb810ab061', 33, 1, 'appToken', '[]', 0, '2020-08-04 10:59:18', '2020-08-04 10:59:18', '2021-08-04 16:29:18'),
('752f29cf6e8b48327a1862af5dd8b96497493ae474511309c4f6aca242b504ea0bb6a9009a617a98', 1, 1, 'appToken', '[]', 0, '2020-08-04 12:48:18', '2020-08-04 12:48:18', '2021-08-04 18:18:18'),
('76546899d127c578d53e1a94a65658afdfb3b8e08d65fff8e386443642af0cac74370f05ff6b7c17', 1, 1, 'appToken', '[]', 0, '2020-08-04 12:28:57', '2020-08-04 12:28:57', '2021-08-04 17:58:57'),
('76b9830f9ca1525776a444c8f682bc4cd48a2c3c642689b4ba3e7100c4505715f6a830a4617a4af8', 1, 1, 'appToken', '[]', 0, '2020-08-04 04:53:37', '2020-08-04 04:53:37', '2021-08-04 10:23:37'),
('76ed7ef45164418fa386268f21bfe36be029b822a7cc439579a86277b4f76c3d3036a86e53708f9d', 1, 1, 'appToken', '[]', 0, '2020-08-06 06:03:12', '2020-08-06 06:03:12', '2021-08-06 11:33:12'),
('77a9a42fe68326bb4d61088537afd399f41d1b9fc461e97e23ece76fdbc83492c2e9461962c57b5b', 28, 1, 'appToken', '[]', 0, '2020-08-04 10:24:30', '2020-08-04 10:24:30', '2021-08-04 15:54:30'),
('7c02c587d9941c2492099db3578f254ca761c45b9c6d21babb70548989a8616e0dbc49bf80284574', 1, 1, 'appToken', '[]', 0, '2020-08-04 04:52:04', '2020-08-04 04:52:04', '2021-08-04 10:22:04'),
('7cd61209aac1342b11451d05e3748b5024dbe9e9247d3e556e055a592205931d7dbb466044c031d2', 1, 1, 'appToken', '[]', 0, '2020-08-06 07:37:29', '2020-08-06 07:37:29', '2021-08-06 13:07:29'),
('7ce8cfe8b28d760af769765b7ca4c35b9f5f802a8c2b040341579181dc942970a74c5e67841bdc27', 1, 1, 'appToken', '[]', 0, '2020-08-05 02:48:51', '2020-08-05 02:48:51', '2021-08-05 08:18:51'),
('7e6b3ce04672255d39b6d837cc4ea9606bcd67c5d99fb424c6baf613a4676c69b043998b93acbf78', 1, 1, 'appToken', '[]', 0, '2020-08-05 04:28:07', '2020-08-05 04:28:07', '2021-08-05 09:58:07'),
('7f78d6a86694dade8bdd20c0db396770fb560a853a91c59c060693eb9ff31f171b4451882792a7e0', 26, 1, 'appToken', '[]', 0, '2020-08-04 10:12:31', '2020-08-04 10:12:31', '2021-08-04 15:42:31'),
('864cdd58da0cef18d759e8f61c607b2a42713758e94e202a494cb605d332438331224b21021fa02c', 1, 1, 'appToken', '[]', 0, '2020-08-05 01:18:15', '2020-08-05 01:18:15', '2021-08-05 06:48:15'),
('8783668619ca01c2dbc8c80c172c2a052339582b5cf64b682c852da672e3c0ad0bd0fec5ba2fb829', 1, 1, 'appToken', '[]', 0, '2020-08-06 05:49:48', '2020-08-06 05:49:48', '2021-08-06 11:19:48'),
('8b2b77c4f28ce76104a7e4f7005b711e3fe69084e208af0393f17b16ee5a9737c6835e120c04d007', 1, 1, 'appToken', '[]', 0, '2020-08-05 02:42:21', '2020-08-05 02:42:21', '2021-08-05 08:12:21'),
('8b418b7f6486c34052c07ac6fc267f7d1dcb14c6b127d40f5d4344ee2455b77edc3c9221ff5dddc2', 1, 1, 'appToken', '[]', 0, '2020-08-03 23:29:46', '2020-08-03 23:29:46', '2021-08-04 04:59:46'),
('8c1bf9e1f5b5c77e676e92894032e32e64de1bc2c6f1a273aa93636f810fa9f6538abb426ac31d8c', 35, 1, 'appToken', '[]', 0, '2020-08-04 11:02:47', '2020-08-04 11:02:47', '2021-08-04 16:32:47'),
('8d0e240dc605443d4ed7e97357c2f25b971a16e528cbb8378ff10a6854c72a71b18ed541187eba04', 1, 1, 'appToken', '[]', 0, '2020-08-05 02:39:10', '2020-08-05 02:39:10', '2021-08-05 08:09:10'),
('93e30f718216b299826b42c0e452a31d5cccbf1c51f7585276a5a6e138a994107e6a77d0576d6d94', 1, 1, 'appToken', '[]', 0, '2020-08-05 03:04:41', '2020-08-05 03:04:41', '2021-08-05 08:34:41'),
('956edd2c5ae7a46c436efa17ad64015f7ea775c30b10573b6d25a2f6843d794e899db662fbb9dc62', 2, 1, 'appToken', '[]', 0, '2020-08-04 03:33:16', '2020-08-04 03:33:16', '2021-08-04 09:03:16'),
('9623b72e5cf1e1fbeac5dbcbefda4a341353f2d7d096818ac9e9207f42cc257eafecfaa319769988', 1, 1, 'appToken', '[]', 0, '2020-08-04 05:11:39', '2020-08-04 05:11:39', '2021-08-04 10:41:39'),
('966088a08a07c33d658e0487c413078bece6ef61e8fa8a39f3397eb8bf03d0a99bde25ae62bb07f3', 1, 1, 'appToken', '[]', 0, '2020-08-04 12:52:23', '2020-08-04 12:52:23', '2021-08-04 18:22:23'),
('96c087785985b7524258fa3ada09092d019c6c81ea51479456e0c4e1fabd3a746348e28b206ff4f2', 1, 1, 'appToken', '[]', 0, '2020-08-04 12:41:26', '2020-08-04 12:41:26', '2021-08-04 18:11:26'),
('974fb94d7d8eefbf5a3d9d77a590a6fb1459a6fa6b11ab27e1d3e97b1d76f64fe4b3a8c382ae6425', 7, 1, 'appToken', '[]', 0, '2020-08-04 03:44:36', '2020-08-04 03:44:36', '2021-08-04 09:14:36'),
('99d433053fca9180edbc482c730a1e54917c614c712a15db0d9a506d70aeee6aa0dcfcaeefcb701a', 1, 1, 'appToken', '[]', 0, '2020-08-06 09:53:49', '2020-08-06 09:53:49', '2021-08-06 15:23:49'),
('9a11ca0a521857f9c4d1b492f037e063f18a299340353b06cf12f91726a0e84715665a80a36b5ca9', 1, 1, 'appToken', '[]', 0, '2020-08-05 02:50:22', '2020-08-05 02:50:22', '2021-08-05 08:20:22'),
('9a9f5b3972210d3184db24acbc7122b0a0f6a67c0f1c1d5c3c063da56b335887571185a54222cef8', 32, 1, 'appToken', '[]', 0, '2020-08-04 10:56:33', '2020-08-04 10:56:33', '2021-08-04 16:26:33'),
('a03effafe2c88945cf90eb8a8df3adc4ff69b2fa23337207ff56e7b1590735db7523e745bf45dd23', 1, 1, 'appToken', '[]', 0, '2020-08-04 05:31:20', '2020-08-04 05:31:20', '2021-08-04 11:01:20'),
('a274b35ac5c9b84730c2b9c8cec266005127f88f4a67f7a7a25edbe36a15dd9edcd38bee35ba3562', 1, 1, 'appToken', '[]', 0, '2020-08-04 13:14:44', '2020-08-04 13:14:44', '2021-08-04 18:44:44'),
('a28f1486cd9446061cf0942c76e7ad2874131cc0bb852cee432e5905d424dc2f32ea0955866508a0', 1, 1, 'appToken', '[]', 0, '2020-08-05 00:21:31', '2020-08-05 00:21:31', '2021-08-05 05:51:31'),
('a42a72047ab19cdab73ed44245151230bccdb213d873d085376e296a8afb48276ab50b09ab9fd3d5', 1, 1, 'appToken', '[]', 0, '2020-08-04 12:51:50', '2020-08-04 12:51:50', '2021-08-04 18:21:50'),
('a42e3e0de7d300f1f298778d33edd4b6035cbda22a4b68b4e9b4647300a360e286408d6b784b87ae', 1, 1, 'appToken', '[]', 0, '2020-08-05 03:33:05', '2020-08-05 03:33:05', '2021-08-05 09:03:05'),
('a4415432c2455bf7fa75e7f0e5b8f68695c9ea708f4b9a580faec6aae98231d2dee001b3fcccf625', 1, 1, 'appToken', '[]', 0, '2020-08-06 05:54:57', '2020-08-06 05:54:57', '2021-08-06 11:24:57'),
('a63c8655ea46af78a71d341d853db6f6d34688e2136bfc3f9b89d016719d6c8f3e3a2dc53b90dd74', 1, 1, 'appToken', '[]', 0, '2020-08-05 01:04:15', '2020-08-05 01:04:15', '2021-08-05 06:34:15'),
('a7563d4cd103047ef51c93d25a0323ed68e385f4874251192c1c9af6f9b4cf7609ffec354424200e', 1, 1, 'appToken', '[]', 0, '2020-08-04 22:35:50', '2020-08-04 22:35:50', '2021-08-05 04:05:50'),
('a84c015a498d20ded15cdea88d99a7706f206a8b09fb66fc67a824d4c5144e77adfb4d3a945dd82d', 1, 1, 'appToken', '[]', 0, '2020-08-04 22:19:35', '2020-08-04 22:19:35', '2021-08-05 03:49:35'),
('aacb7b1c08d06dbd60a580c1607e646197b135c8c9cdeae56ae14d1fad7eed7f1edc95abba3d331c', 1, 1, 'appToken', '[]', 0, '2020-08-04 22:40:38', '2020-08-04 22:40:38', '2021-08-05 04:10:38'),
('ad584adce3769e624a13b1248747bcf6100b52a0ab635c1815f18c214b47ab8907116431aaddee66', 1, 1, 'appToken', '[]', 0, '2020-08-06 06:19:54', '2020-08-06 06:19:54', '2021-08-06 11:49:54'),
('b0de49ef62f6087f0cd1490b1890d084c4a9127938cae1f9852b030edab1b2e34950c251f8f9d6fe', 1, 1, 'appToken', '[]', 0, '2020-08-04 23:26:21', '2020-08-04 23:26:21', '2021-08-05 04:56:21'),
('b2077baed4ccdc1bb82c1bdfe938eef5489d9f805891531a1a2992a1bd5aa4259542e4a9b0cc1af0', 1, 1, 'appToken', '[]', 0, '2020-08-04 13:19:04', '2020-08-04 13:19:04', '2021-08-04 18:49:04'),
('b5908b240c9440c1ea92dd24c48397c058c1f036d835e8bc6e718b8ad5f326b90e65542710495897', 1, 1, 'appToken', '[]', 0, '2020-08-06 07:37:26', '2020-08-06 07:37:26', '2021-08-06 13:07:26'),
('b5e8e5156a3c665136829b32662625327d4195d9f7b9482fe66a5d7260fe20631fc7edc3fbfd8d52', 18, 1, 'appToken', '[]', 0, '2020-08-04 04:37:24', '2020-08-04 04:37:24', '2021-08-04 10:07:24'),
('b5f9fe5ae1a23c1bddda2fec1f971d1f44e2561d1e7d317aa94f776646e165b52255710a68bc2ef9', 1, 1, 'appToken', '[]', 0, '2020-08-05 03:30:20', '2020-08-05 03:30:20', '2021-08-05 09:00:20'),
('b63c2bcae4b6bdf34fa08b0fbdf24c47b6b3fd0dd3be30ba514d5f9f402fb636e5cc7fb563466af9', 1, 1, 'appToken', '[]', 0, '2020-08-05 03:23:29', '2020-08-05 03:23:29', '2021-08-05 08:53:29'),
('b6e034d7738e3d774ce2042ba94d195210c796e86db7d929cad92b6e9182a343579a689d60ed91d7', 1, 1, 'appToken', '[]', 0, '2020-08-05 00:28:38', '2020-08-05 00:28:38', '2021-08-05 05:58:38'),
('b80a42678a7d6ced60b876c10e1620b895fc3acf6858eb194935b95ceb48057eab7f2a79a3d1c0ba', 9, 1, 'appToken', '[]', 0, '2020-08-04 04:03:08', '2020-08-04 04:03:08', '2021-08-04 09:33:08'),
('b849bd26d427da312494d3e5cd68ac0b82e9683c709786cd125bb372b70adad5f91892062a84fa6a', 1, 1, 'appToken', '[]', 0, '2020-08-05 02:52:10', '2020-08-05 02:52:10', '2021-08-05 08:22:10'),
('b9621ffe72379556c7afa9e36acba312a091b0ac7bc120c0e8f6289ace1da03deca7b783043e838b', 1, 1, 'appToken', '[]', 0, '2020-08-05 04:40:57', '2020-08-05 04:40:57', '2021-08-05 10:10:57'),
('b9d0fd6d1d3a678206c574c10dd6ba35126a49a254636afb7e90f3b5503a53745bcc0751de2050ae', 1, 1, 'appToken', '[]', 0, '2020-08-04 12:43:33', '2020-08-04 12:43:33', '2021-08-04 18:13:33'),
('bda30773c7cfe5152c4adabfbb02824035b116ab2fc20f1f3fa3dc10cbd70c5beb32107ee0048a4e', 1, 1, 'appToken', '[]', 0, '2020-08-06 06:03:08', '2020-08-06 06:03:08', '2021-08-06 11:33:08'),
('bda470a6c073c1e3c8c724c06e9638690033e0bdbb4b257b85bb3e3354b73a1102f947c30070091c', 1, 1, 'appToken', '[]', 0, '2020-08-04 05:18:09', '2020-08-04 05:18:09', '2021-08-04 10:48:09'),
('bf4ca34b859838a3009201352139ea09fdf81fafda0eca4ee9d0518e5db338003d48cd956d762e0b', 1, 1, 'appToken', '[]', 0, '2020-08-05 02:57:05', '2020-08-05 02:57:05', '2021-08-05 08:27:05'),
('c0979058ec8b33d72610a344c99f57169ba7d23cfaff1a4cd6902ad0e1381d672283ecddcf3cd2dc', 17, 1, 'appToken', '[]', 0, '2020-08-04 04:36:18', '2020-08-04 04:36:18', '2021-08-04 10:06:18'),
('c21a17b659688e9f5687de2be705ff34105bef5e0cda05a32c81d225d889d98052f06841bde631e2', 1, 1, 'appToken', '[]', 0, '2020-08-05 02:38:40', '2020-08-05 02:38:40', '2021-08-05 08:08:40'),
('c28916e379d4b8acdf2dfbdedd3603f73acee20e6c1dbcc0b8aaecc0732c1dbf975527684dec6cc6', 1, 1, 'appToken', '[]', 0, '2020-08-05 01:04:13', '2020-08-05 01:04:13', '2021-08-05 06:34:13'),
('c2e49fab1df20ed6c3bdc79f92d34b89f11a514975017b6a22b366c6745ddf6d2e97f78f86cc607b', 1, 1, 'appToken', '[]', 0, '2020-08-06 06:19:52', '2020-08-06 06:19:52', '2021-08-06 11:49:52'),
('c5b55608ce04163b23ecd69b47459c837a38515154d3cd5ba5aff15431e345ac0292d3cc96a99b81', 37, 1, 'appToken', '[]', 0, '2020-08-04 11:12:38', '2020-08-04 11:12:38', '2021-08-04 16:42:38'),
('c857d95bb0211b671b83450fa98d1742b5796b6d07d8c95288f45111465246c922e81ade2030d5d8', 1, 1, 'appToken', '[]', 0, '2020-08-04 13:21:18', '2020-08-04 13:21:18', '2021-08-04 18:51:18'),
('c9f0d47542cea9f8ff4f695943cbd3f9dc9a48cc770db8812c934b729b1a31db59a0d2c3977b9f09', 1, 1, 'appToken', '[]', 0, '2020-08-04 22:10:08', '2020-08-04 22:10:08', '2021-08-05 03:40:08'),
('cb4f1a4677581da25e4bf4e519de349cc49f0692e099df392dd3587cd29b5a28ac04b03c1ca4a95e', 21, 1, 'appToken', '[]', 0, '2020-08-04 04:44:50', '2020-08-04 04:44:50', '2021-08-04 10:14:50'),
('cbc49ad405375a7c0ab72a0581778b3f067e57a7258cf92bfc790a52ae40b253c8a48f2ac9d9d478', 3, 1, 'appToken', '[]', 0, '2020-08-04 03:39:44', '2020-08-04 03:39:44', '2021-08-04 09:09:44'),
('cd943d057c2fa4d14d73a0ccd26b7e346f89a0f48b09b98073f7d09d41bff2fd9a5d14fdb9738786', 1, 1, 'appToken', '[]', 0, '2020-08-07 01:06:07', '2020-08-07 01:06:07', '2021-08-07 06:36:07'),
('cdaf594c053f24e8444bb09dce31c9e57a0e066059f939c6504d777de73f1ce36326ab50bed1a426', 15, 1, 'appToken', '[]', 0, '2020-08-04 04:34:13', '2020-08-04 04:34:13', '2021-08-04 10:04:13'),
('d2272d4776150410a9a8726e4a78c1abd8010d35a705c0a9cc9a9e936c60d3e9427c01c7b388a033', 1, 1, 'appToken', '[]', 0, '2020-08-04 09:32:16', '2020-08-04 09:32:16', '2021-08-04 15:02:16'),
('d37441e87f61eae5adf845a14a974cda7e20b87d300f66c9b4762a99824f77513d1f18dfdcc747f7', 14, 1, 'appToken', '[]', 0, '2020-08-04 04:32:34', '2020-08-04 04:32:34', '2021-08-04 10:02:34'),
('d383e18bb6961e19cf914d8023123636103c3b04885162325396f807985847ee10b32cbffce5bb30', 1, 1, 'appToken', '[]', 0, '2020-08-04 23:35:51', '2020-08-04 23:35:51', '2021-08-05 05:05:51'),
('d4888ab8e7aa97b8c62fdbba431dd0c01aad386c6c9826559ca0a624639f8ebc615abc46b150a088', 34, 1, 'appToken', '[]', 0, '2020-08-04 11:00:31', '2020-08-04 11:00:31', '2021-08-04 16:30:31'),
('d4cd84fe341355509b797b2cfaf9c17258621df0f7961724aa8e04f83e2005c5c403cdeae1072b97', 1, 1, 'appToken', '[]', 0, '2020-08-05 02:27:12', '2020-08-05 02:27:12', '2021-08-05 07:57:12'),
('d5f8bf4a9c28b1c294118bbefdc33e357ff834b7fbb588abe866d5358a7081aea0920ba8e88945d6', 1, 1, 'appToken', '[]', 0, '2020-08-05 02:53:54', '2020-08-05 02:53:54', '2021-08-05 08:23:54'),
('d6031bd5821a98a5947a195401f9059f5e7ba73371118998054123b1d12a57e7e2bb9c809d15255a', 1, 1, 'appToken', '[]', 0, '2020-08-04 22:35:07', '2020-08-04 22:35:07', '2021-08-05 04:05:07'),
('d6c4d883482b95fe2bc4feb77ef885cf5840863d73d31fa65c96fb9486319fce1026633599fb4145', 1, 1, 'appToken', '[]', 0, '2020-08-05 04:53:12', '2020-08-05 04:53:12', '2021-08-05 10:23:12'),
('d8c913dfbe1e8ca6d2db412bad494ec5df75b4ec647e5fbe962795b5ee7884cebacc70046b43cd8f', 1, 1, 'appToken', '[]', 0, '2020-08-04 23:55:28', '2020-08-04 23:55:28', '2021-08-05 05:25:28'),
('d8e80d3ccbede01752fe1ae6b3f0fe115b3af5ecebef3f7ad0b1d3b0f272d9b3714116723f285e95', 1, 1, 'appToken', '[]', 0, '2020-08-04 22:46:56', '2020-08-04 22:46:56', '2021-08-05 04:16:56'),
('dafe89bedd25c85aaed2265b7346b94e3ff66cec80ce361d859c46101d650f53cff9deec27e46e2f', 30, 1, 'appToken', '[]', 0, '2020-08-04 10:51:20', '2020-08-04 10:51:20', '2021-08-04 16:21:20'),
('e059e26e51376fc0447fd9d1403771894bc6301364e1813ad459f07a15e5e5d47d985c4662abb9b3', 1, 1, 'appToken', '[]', 0, '2020-08-04 13:40:40', '2020-08-04 13:40:40', '2021-08-04 19:10:40'),
('e065c07af6a3df7850c9bf0b27bb7ccc0756c38ee050ef151964127e7534696614d8a2c7d93aa57b', 1, 1, 'appToken', '[]', 0, '2020-08-04 13:33:52', '2020-08-04 13:33:52', '2021-08-04 19:03:52'),
('e0843b73459125be09cdbfd43541f48bd6f1d261f8a5f1c998c104a7f09489fdeb83ae110c558800', 1, 1, 'appToken', '[]', 0, '2020-08-05 03:16:22', '2020-08-05 03:16:22', '2021-08-05 08:46:22'),
('e13145b9fea9abdcf3d5ac88aa0a6185cba46523e53f02be9abd976dfdde107f22e15edd27767a54', 1, 1, 'appToken', '[]', 0, '2020-08-05 04:33:39', '2020-08-05 04:33:39', '2021-08-05 10:03:39'),
('e1de6cddbc35bc06462afa607f7b19a04fc1a3f883b36d391d07e52ca5c4bd18b98212ed4c104ec0', 1, 1, 'appToken', '[]', 0, '2020-08-04 13:07:19', '2020-08-04 13:07:19', '2021-08-04 18:37:19'),
('e2c986f1c9eae6351f3a273a1c1697bd1105c8988d040bcbd331c9b4230305a77322518b1948204a', 1, 1, 'appToken', '[]', 0, '2020-08-05 03:01:05', '2020-08-05 03:01:05', '2021-08-05 08:31:05'),
('e5f5af7d1b2f5437773430ad9641c947b32aff61970877139fd3d9f79f64fad963a2a7fe9f554833', 1, 1, 'appToken', '[]', 0, '2020-08-04 05:32:34', '2020-08-04 05:32:34', '2021-08-04 11:02:34'),
('e6030edc612de291d795a6ee1202eb53685eb3b7718d782eb93d09fa35682b411c50dacbd90ba1f1', 25, 1, 'appToken', '[]', 0, '2020-08-04 10:00:12', '2020-08-04 10:00:12', '2021-08-04 15:30:12'),
('e6a06f8c4d1fd03bfde917158b64727d8214fc9701c1734bb0f9c456bab4b56640651e46f33ff4e6', 11, 1, 'appToken', '[]', 0, '2020-08-04 04:23:24', '2020-08-04 04:23:24', '2021-08-04 09:53:24'),
('e74e9528e55099d925c8885821c9cb45b089fc20f1194b03d38df067932ba16733fcc2f051a7733e', 1, 1, 'appToken', '[]', 0, '2020-08-06 06:10:39', '2020-08-06 06:10:39', '2021-08-06 11:40:39'),
('e753ab402a7e3ce744f1d2662ed2da9e554ccd744476cb29b50458cf76cbc435b054711a01cfa6ef', 1, 1, 'appToken', '[]', 0, '2020-08-04 05:32:59', '2020-08-04 05:32:59', '2021-08-04 11:02:59'),
('e7ca5d1df91c5fa8e7363045063627ee469d1ebb041b5dabc21933fe89887ee4c362813fabf56953', 1, 1, 'appToken', '[]', 0, '2020-08-04 12:46:33', '2020-08-04 12:46:33', '2021-08-04 18:16:33'),
('e821952e6db416e5266907e54eb8e8094c699679058accb2562d92208a95148c3f7c1caa7ce92357', 1, 1, 'appToken', '[]', 0, '2020-08-05 05:44:35', '2020-08-05 05:44:35', '2021-08-05 11:14:35'),
('ea072b18b741aa790c0beb0fee39b5e599d713c7090e7f56577f495c3166d4184a8d1b17a61bc531', 1, 1, 'appToken', '[]', 0, '2020-08-05 03:45:12', '2020-08-05 03:45:12', '2021-08-05 09:15:12'),
('ea6b5ac8c6ee9e21d5cd318d0ac12479797a1d80ed82b7212a1ff261117278ae551c53418d431e38', 1, 1, 'appToken', '[]', 0, '2020-08-07 06:33:37', '2020-08-07 06:33:37', '2021-08-07 12:03:37'),
('eab8e93612a392c9f48ccb5ca346a4b9fa6fdda2570119ed94c3fb86f239ae97e3b512e8ed7150be', 1, 1, 'appToken', '[]', 0, '2020-08-05 02:27:41', '2020-08-05 02:27:41', '2021-08-05 07:57:41'),
('ebbb103a48915efb0b5eac99781568262b69c62dfe1087d3e5b48da55ae5ab9bfdd0190d1292f6af', 1, 1, 'appToken', '[]', 0, '2020-08-05 01:05:22', '2020-08-05 01:05:22', '2021-08-05 06:35:22'),
('ec26d2f00f8cb5521366ddbf688a4f2fadb153177e1f66e4e4cc69b98d1682e22c1d69d52bb53f88', 1, 1, 'appToken', '[]', 0, '2020-08-05 04:08:45', '2020-08-05 04:08:45', '2021-08-05 09:38:45'),
('ed7945b2e3dfed6d3831b490e5139776c703733b02ce91863ee1fb7c91975176bcb4860c79299fc7', 1, 1, 'appToken', '[]', 0, '2020-08-04 13:14:28', '2020-08-04 13:14:28', '2021-08-04 18:44:28'),
('ee784f6807c1032c55457e19b4416ea1b851367cccfcb883029712d5d86c9f40194131fd1c602002', 1, 1, 'appToken', '[]', 0, '2020-08-05 00:23:54', '2020-08-05 00:23:54', '2021-08-05 05:53:54'),
('f10ef68c31653f0411b5842234db84a74172f38ffdcdd5c431cdbcee585d8082e4140d5d5eec0515', 1, 1, 'appToken', '[]', 0, '2020-08-05 00:28:42', '2020-08-05 00:28:42', '2021-08-05 05:58:42'),
('f3db7a4dfe348b857a6c13148c220abf6373afa32fa9ee177977e5023c848ffae72f7f89fe643eb1', 1, 1, 'appToken', '[]', 0, '2020-08-04 23:37:21', '2020-08-04 23:37:21', '2021-08-05 05:07:21'),
('f41c43ec1343a59f316dd11bee5b7e82033cf72e789ef1c6d5be1eca6caa1ff6402eede903617eba', 1, 1, 'appToken', '[]', 0, '2020-08-04 22:34:13', '2020-08-04 22:34:13', '2021-08-05 04:04:13'),
('f7e461f1eef63775566a262664bd9b9ca98e003e102fa2b05dfd833a0e9b1bc776de4804f045c189', 5, 1, 'appToken', '[]', 0, '2020-08-04 03:42:29', '2020-08-04 03:42:29', '2021-08-04 09:12:29'),
('f82f87016488a4f24924062f1063642b19923e408b6811123919852a2fb75639224b3ac486bd217b', 1, 1, 'appToken', '[]', 0, '2020-08-04 13:20:32', '2020-08-04 13:20:32', '2021-08-04 18:50:32'),
('faf3f15e375b2377737300abbcdb1bdef3399e8e3d701a1f8be0cb1ce7ade539db2c4544362cd060', 1, 1, 'appToken', '[]', 0, '2020-08-04 22:21:31', '2020-08-04 22:21:31', '2021-08-05 03:51:31'),
('fc3fbd0c0b627e2231779c56ed73cc64c8a5e63aa11298f221fad55989ac94e204325a9360dc88cd', 23, 1, 'appToken', '[]', 0, '2020-08-04 09:42:21', '2020-08-04 09:42:21', '2021-08-04 15:12:21'),
('fd07334754b9498bf2c1513b96665cc7a81f06268cdb56db4b3fcaa84bd198d0ae66e11026fd0ec3', 39, 1, 'appToken', '[]', 0, '2020-08-06 05:09:02', '2020-08-06 05:09:02', '2021-08-06 10:39:02'),
('fee9a16a48e949d4c588e50c97d34b2e393e576b4944f8c301bc3f960510054f7011f32755a646f2', 1, 1, 'appToken', '[]', 0, '2020-08-06 06:24:07', '2020-08-06 06:24:07', '2021-08-06 11:54:07'),
('ffb1c9a6158c0db939649f6a01a6893ec03ed9443acef9aaddd0bca514ec9240c1b32d6edfdef07c', 1, 1, 'appToken', '[]', 0, '2020-08-04 22:22:23', '2020-08-04 22:22:23', '2021-08-05 03:52:23');

-- --------------------------------------------------------

--
-- Table structure for table `oauth_auth_codes`
--

CREATE TABLE `oauth_auth_codes` (
  `id` varchar(100) COLLATE utf8mb4_unicode_ci NOT NULL,
  `user_id` bigint(20) UNSIGNED NOT NULL,
  `client_id` bigint(20) UNSIGNED NOT NULL,
  `scopes` text COLLATE utf8mb4_unicode_ci,
  `revoked` tinyint(1) NOT NULL,
  `expires_at` datetime DEFAULT NULL
) ENGINE=InnoDB DEFAULT CHARSET=utf8mb4 COLLATE=utf8mb4_unicode_ci;

-- --------------------------------------------------------

--
-- Table structure for table `oauth_clients`
--

CREATE TABLE `oauth_clients` (
  `id` bigint(20) UNSIGNED NOT NULL,
  `user_id` bigint(20) UNSIGNED DEFAULT NULL,
  `name` varchar(191) COLLATE utf8mb4_unicode_ci NOT NULL,
  `secret` varchar(100) COLLATE utf8mb4_unicode_ci DEFAULT NULL,
  `provider` varchar(191) COLLATE utf8mb4_unicode_ci DEFAULT NULL,
  `redirect` text COLLATE utf8mb4_unicode_ci NOT NULL,
  `personal_access_client` tinyint(1) NOT NULL,
  `password_client` tinyint(1) NOT NULL,
  `revoked` tinyint(1) NOT NULL,
  `created_at` timestamp NULL DEFAULT NULL,
  `updated_at` timestamp NULL DEFAULT NULL
) ENGINE=InnoDB DEFAULT CHARSET=utf8mb4 COLLATE=utf8mb4_unicode_ci;

--
-- Dumping data for table `oauth_clients`
--

INSERT INTO `oauth_clients` (`id`, `user_id`, `name`, `secret`, `provider`, `redirect`, `personal_access_client`, `password_client`, `revoked`, `created_at`, `updated_at`) VALUES
(1, NULL, 'Laravel Personal Access Client', '2Nl5WiI3qpmA2GsrRPMzlRwIsdqsGMr7reXCkQCP', NULL, 'http://localhost', 1, 0, 0, '2020-08-03 22:40:07', '2020-08-03 22:40:07'),
(2, NULL, 'Laravel Password Grant Client', '0nEMNvSor2MPsRUupwx3y4pt9T91xd1jBo9urLBR', 'users', 'http://localhost', 0, 1, 0, '2020-08-03 22:40:07', '2020-08-03 22:40:07');

-- --------------------------------------------------------

--
-- Table structure for table `oauth_personal_access_clients`
--

CREATE TABLE `oauth_personal_access_clients` (
  `id` bigint(20) UNSIGNED NOT NULL,
  `client_id` bigint(20) UNSIGNED NOT NULL,
  `created_at` timestamp NULL DEFAULT NULL,
  `updated_at` timestamp NULL DEFAULT NULL
) ENGINE=InnoDB DEFAULT CHARSET=utf8mb4 COLLATE=utf8mb4_unicode_ci;

--
-- Dumping data for table `oauth_personal_access_clients`
--

INSERT INTO `oauth_personal_access_clients` (`id`, `client_id`, `created_at`, `updated_at`) VALUES
(1, 1, '2020-08-03 22:40:07', '2020-08-03 22:40:07');

-- --------------------------------------------------------

--
-- Table structure for table `oauth_refresh_tokens`
--

CREATE TABLE `oauth_refresh_tokens` (
  `id` varchar(100) COLLATE utf8mb4_unicode_ci NOT NULL,
  `access_token_id` varchar(100) COLLATE utf8mb4_unicode_ci NOT NULL,
  `revoked` tinyint(1) NOT NULL,
  `expires_at` datetime DEFAULT NULL
) ENGINE=InnoDB DEFAULT CHARSET=utf8mb4 COLLATE=utf8mb4_unicode_ci;

-- --------------------------------------------------------

--
-- Table structure for table `password_resets`
--

CREATE TABLE `password_resets` (
  `email` varchar(191) COLLATE utf8mb4_unicode_ci NOT NULL,
  `token` varchar(191) COLLATE utf8mb4_unicode_ci NOT NULL,
  `created_at` timestamp NULL DEFAULT NULL
) ENGINE=InnoDB DEFAULT CHARSET=utf8mb4 COLLATE=utf8mb4_unicode_ci;

-- --------------------------------------------------------

--
-- Table structure for table `product`
--

CREATE TABLE `product` (
  `producr_id` int(11) NOT NULL,
  `product_name` varchar(255) NOT NULL,
  `product_desc` text NOT NULL,
  `product_price` bigint(20) NOT NULL,
  `product_image` varchar(255) NOT NULL,
  `category_fk_id` int(11) NOT NULL,
  `created_at` timestamp NOT NULL DEFAULT CURRENT_TIMESTAMP,
  `updated_at` timestamp NOT NULL DEFAULT CURRENT_TIMESTAMP
) ENGINE=InnoDB DEFAULT CHARSET=latin1;

--
-- Dumping data for table `product`
--

INSERT INTO `product` (`producr_id`, `product_name`, `product_desc`, `product_price`, `product_image`, `category_fk_id`, `created_at`, `updated_at`) VALUES
(2, 'Fjallraven - Foldsack No. 1 Backpack, Fits 15 Laptops', 'Your perfect pack for everyday use and walks in the forest. Stash your laptop (up to 15 inches) in the padded sleeve, your everyday', 110, '1.jpg', 1, '2020-08-05 03:36:42', '2020-08-05 03:36:42'),
(3, 'Mens Casual Premium Slim Fit T-Shirts', 'Slim-fitting style, contrast raglan long sleeve, three-button henley placket, light weight & soft fabric for breathable and comfortable wearing. And Solid stitched shirts with round neck made for durability and a great fit for casual fashion wear and diehard baseball fans. The Henley style round neckline includes a three-button placket.', 22, '2.jpg', 1, '2020-08-05 03:38:04', '2020-08-05 03:38:04'),
(4, 'Fjallraven - Foldsack No. 1 Backpack, Fits 15 Laptops', 'Your perfect pack for everyday use and walks in the forest. Stash your laptop (up to 15 inches) in the padded sleeve, your everyday', 110, '3.jpg', 1, '2020-08-05 03:36:42', '2020-08-05 03:36:42'),
(5, 'Mens Casual Premium Slim Fit T-Shirts', 'Slim-fitting style, contrast raglan long sleeve, three-button henley placket, light weight & soft fabric for breathable and comfortable wearing. And Solid stitched shirts with round neck made for durability and a great fit for casual fashion wear and diehard baseball fans. The Henley style round neckline includes a three-button placket.', 22, '4.jpg', 1, '2020-08-05 03:38:04', '2020-08-05 03:38:04');

-- --------------------------------------------------------

--
-- Table structure for table `users`
--

CREATE TABLE `users` (
  `id` bigint(20) UNSIGNED NOT NULL,
  `fname` varchar(191) COLLATE utf8mb4_unicode_ci NOT NULL,
  `lname` varchar(191) COLLATE utf8mb4_unicode_ci NOT NULL,
  `phone` varchar(191) COLLATE utf8mb4_unicode_ci NOT NULL,
  `email` varchar(191) COLLATE utf8mb4_unicode_ci NOT NULL,
  `email_verified_at` timestamp NULL DEFAULT NULL,
  `password` varchar(191) COLLATE utf8mb4_unicode_ci NOT NULL,
  `remember_token` text COLLATE utf8mb4_unicode_ci,
  `api_token` text COLLATE utf8mb4_unicode_ci,
  `created_at` timestamp NULL DEFAULT NULL,
  `updated_at` timestamp NULL DEFAULT NULL
) ENGINE=InnoDB DEFAULT CHARSET=utf8mb4 COLLATE=utf8mb4_unicode_ci;

--
-- Dumping data for table `users`
--

INSERT INTO `users` (`id`, `fname`, `lname`, `phone`, `email`, `email_verified_at`, `password`, `remember_token`, `api_token`, `created_at`, `updated_at`) VALUES
(1, 'harsiddhi', 'thakkar', '06380458995', 'har@gmail.com', NULL, '$2y$10$RWtPfFiClP3rrNFk3cqH1efWmORadwYvPGqbDgv8suc.O14/ZT6k.', 'eyJ0eXAiOiJKV1QiLCJhbGciOiJSUzI1NiJ9.eyJhdWQiOiIxIiwianRpIjoiZDhjOTEzZGZiZTFlOGNhNmQyZGI0MTJiYWQ0OTRlYzVkZjc1YjRlYzY0N2U1ZmJlOTYyNzk1YjVlZTc4ODRjZWJhY2M3MDA0NmI0M2NkOGYiLCJpYXQiOjE1OTY2MDUxMjgsIm5iZiI6MTU5NjYwNTEyOCwiZXhwIjoxNjI4MTQxMTI4LCJzdWIiOiIxIiwic2NvcGVzIjpbXX0.BV6ANmzaH4IphVIdsxA0ceYgnH_zcAQzcbbqkSvZtYYNxpPbX6QZZC-8kN9JIDSU1PB-aoUrO-bWX3BX7tQoYhvWe3BtkP7-LpjYOYM7dY6fddnJigq1qZ36KN1Nt93fjOBCkybQf-0twNd9D-RNrZGst1zBh7gU9FUXSwmgY9IFjYDK7TuL83yt0kOcEVcZ4gdtSKjMT08L_TEJ_RDMInujioPLVnUPeEhwich4qY62gql7vHzif12u-GgORdqDBIjk6Pd1aO6RzCbJEyC7ULyv6-oQiw3xmYEvNAGpgcLppbUXErhbt8P-EH7f__cTvtQZV3iGGHXrATk4Ae1qG5QUqP9sN142rNmTOratQTtdELQez15Ws9xESo5Ahp0_NexyaGdRLE8U0CY23fKouVcUa7XIdsl35nivPb_QrnsQm6qeKl-SBT7YsLo6zq8s-P_GLS5zpfTFxL5My6Rcy_bP8V_TdMrHOaWSAnwqFsV9yPbB-s7De_bMWaXCN96HIbjd9y_fzt59M88cYC2zfqO7s1ztqbFwhK61_-SHkzG4bKlWgwy-Bjz9VJ-iWTLQ_8v--_tdSDogRaTWocxzI4xrNwC5Ccez5HmNr6-QM3H70w0BBHybpoqSN9pB4VrRuNPcgnkC0GJlH7V5OFWkjalhuMrQNgzI8iXHk9WglGM', 'eyJ0eXAiOiJKV1QiLCJhbGciOiJSUzI1NiJ9.eyJhdWQiOiIxIiwianRpIjoiZWE2YjVhYzhjNmVlOWUyMWQ1Y2QzMThkMGFjMTI0Nzk3OTdhMWQ4MGVkODJiNzIxMmExZmYyNjExMTcyNzhhZTU1MWM1MzQxOGQ0MzFlMzgiLCJpYXQiOjE1OTY4MDE4MTgsIm5iZiI6MTU5NjgwMTgxOCwiZXhwIjoxNjI4MzM3ODE3LCJzdWIiOiIxIiwic2NvcGVzIjpbXX0.TLZ74W20N9GrkrVqDa3ynv08YAuRBbQjLiX3L3Sy0R5S9J8UjA2dGZMvC0DjgmPF9mVfq4T5e22h34EcMwg5e97T7w5DSZqt0Y4n2Z1I3d2HF6x5KD2R-gtt_Wm8fvgtZgpNbZ1ECUoZ7LWR3IR-5bOv9MpTf8Fh965BD2rKEaF8zjDTvitOXAtix80Mvr5sFoSWwhrZsx8EuHet_Ai13SIz0ctaxLCQz0y1FXOp7iD2uXIUemz0xs-uZ8f6FwRBd3ahVMSAoZ7ktu481UEEoAd0SlTOr2c8AmqmwB7Ad9nkwy3LOhSDrgVYGCf7gRJ2T2zu0TKRtG6RuspUYwn4cSw25NKyucYoxSJ00KxlTKn2INkXbDuBBA8TWie1ojI0UopjafbdhNSr2M9KQIZz2lA8n0ihxM_o3oXLAt3uJ2bpwQFwV4SqjM75ew_4cgLZTd08mhdZfAVwo8_91YQyHSmkHvsRtvig0TeY_1v6f18UD5BFct7brmRYdnGLjewH_Xt7UW4GnoZpFb1q56ZLfH6YGrJGKqoVKHXtqc6eRnjv8wpAkbkPJdC2I5vikCBYbbKTeCV2FcJy5et2aAb4VNT_1k4kobk8Q5NgP6ecT1DgNZoEhWUIcHFHj-tzfxkL2vd0GkaiVa-j_MT5PuB8dNNRF9N81m_PYh22waDM6BA', '2020-08-03 23:26:05', '2020-08-03 23:26:05'),
(2, 'dadad', 'dada', '07896541231', 'ffdfsf@gmail.com', NULL, '$2y$10$Jsomrz..reSql9Idx61dZuikUC6rSnupdaAwFLcHyDqnuhZ3FWGkC', NULL, '', '2020-08-04 03:33:10', '2020-08-04 03:33:10'),
(3, 'dadad', 'dada', '07896541235', 'dddde@gmail.com', NULL, '$2y$10$elXEIrfw5kghYjqEVFyDX.c45rZBHl3fw3umuL9mpFisIU4dSuYXK', NULL, '', '2020-08-04 03:39:44', '2020-08-04 03:39:44'),
(4, 'dadad', 'dada', '01236547894', 'yyyt@gmail.com', NULL, '$2y$10$bom1hLd1okJKf1HOCvGYZuQryRAN5PzkTgI0dXuQIjtmyPASRUw0i', NULL, '', '2020-08-04 03:41:35', '2020-08-04 03:41:35'),
(5, 'harsiddhie', 'thakkar', '06380458990', 'hareeew@gmail.com', NULL, '$2y$10$Dw8HMdJGADLMi9oJN.7idu3yoJxV0.d/mhJS5ci6Wp8W/GsOJDmSu', NULL, '', '2020-08-04 03:42:29', '2020-08-04 03:42:29'),
(6, 'harsiddhie', 'thakkar', '07896541238', 'hareeeffw@gmail.com', NULL, '$2y$10$2XnhwVV3l3DpVfWNZG.9cuGpq5mZ4KOZ9YnEDcYx8eB3N0.NMV7h6', NULL, '', '2020-08-04 03:43:41', '2020-08-04 03:43:41'),
(7, 'harsiddhie', 'thakkar', '07890541238', 'hareeedffw@gmail.com', NULL, '$2y$10$2suCDLP8pizdcJHKJ9yX8udZGjeR7tIqdgcK//lAq0eCdkUooczv.', NULL, '', '2020-08-04 03:44:36', '2020-08-04 03:44:36'),
(8, 'dadad', 'dada', '09999999999', 'mart@gmail.com', NULL, '$2y$10$TAX9RZMUMlKry/afmiWM6O08IdBf7NL7Ql6mIYVrmqvbVcp9I9vRK', NULL, '', '2020-08-04 03:51:03', '2020-08-04 03:51:03'),
(9, 'fenny', 'ojsf90dsjf', '02222222222', 'FENNY@GMAIL.COM', NULL, '$2y$10$MkzipEf2pFAdxWmglse1Pum5DgrAqX0kbMYkYwSVODlvR8ad89V7e', NULL, '', '2020-08-04 04:03:08', '2020-08-04 04:03:08'),
(10, 'fenny', 'ojsf90dsjf', '01236547896', 'vish@gmail.com', NULL, '$2y$10$vWj9SJ.NOLb9Zaq/x.ntPONoR0FmHT9UTxkwhpnqh5oXVTi/OTYMe', NULL, '', '2020-08-04 04:22:07', '2020-08-04 04:22:07'),
(11, 'lav', 'thakkar', '01234569872', 'lav@gmail.com', NULL, '$2y$10$h67QP396rcyBhBuC3bf.aeN6jcfB5A1t2jclipkffbOSYIZWIlCBW', NULL, '', '2020-08-04 04:23:24', '2020-08-04 04:23:24'),
(12, 'harsiddhie', 'thakkar', '07860541238', 'hareegedffw@gmail.com', NULL, '$2y$10$mk8oNkFF2.toHrEWWWZ2aeRj7kQ6BIRGiH3i4Wx9.Yq/Mn/8KbD2e', NULL, '', '2020-08-04 04:26:40', '2020-08-04 04:26:40'),
(13, 'harsidsdhie', 'thakkar', '01860541238', 'hareefdfgedffw@gmail.com', NULL, '$2y$10$sGUM9T/GCjKluDloVVlfoeVpTdOYznVP0lBAU9QzzS5e.vUfFBteK', NULL, '', '2020-08-04 04:31:39', '2020-08-04 04:31:39'),
(14, 'harsidsdhie', 'thakkar', '01560541238', 'hvvareefdfgedffw@gmail.com', NULL, '$2y$10$6ZhGWpWTxcwirgZckUBq0OYN3gpMdCejRMZ4R.EZAngiP9haLKLim', NULL, '', '2020-08-04 04:32:34', '2020-08-04 04:32:34'),
(15, 'harsidsdhie', 'thakkar', '07560541238', 'hdvvareefdfgedffw@gmail.com', NULL, '$2y$10$PDgqC45rriyUJ7y7GEZlDexwc7rQtsmcmY9K1nRWnFAcVfDE4FZbO', NULL, '', '2020-08-04 04:34:13', '2020-08-04 04:34:13'),
(16, 'harsidsdhie', 'thakkar', '06560541238', 'lodvvareefdfgedffw@gmail.com', NULL, '$2y$10$zfPmPw.yFNotghw3ZTL3ieB1hL3f52P5huQ0kQqDDgGwir3MiRswK', 'eyJ0eXAiOiJKV1QiLCJhbGciOiJSUzI1NiJ9.eyJhdWQiOiIxIiwianRpIjoiMGQzYTRhOWUzN2U1MjAxMzRlMDdhZjc1ZjEyOGZjNmViNDJkYWI0N2Q2MmY3NDY5Yzg5NDYwZmVkNzU4Yjc4MTBkNjA4ZDcwOWU0ZTBjNTkiLCJpYXQiOjE1OTY1MzU1MTEsIm5iZiI6MTU5NjUzNTUxMSwiZXhwIjoxNjI4MDcxNTExLCJzdWIiOiIxNiIsInNjb3BlcyI6W119.kCtUewOW8_BUA3Bpvb74L0GuHdsOg2THYvmkB_a4JNetSwL7CDLUZMYHXKPKnMLSg6pKND_FXtpCdXkWS5e6P-8mt3moAawao2q_TvFeEmjuXnO8C_XX46Py-c7UFPy3Bz3yB0C4wd6Wu5RxU-ilV_rdF9remQYo3Lj5fEkyWSdlI7lpD16c8iJsbunQucawazsrvLrA9jfm_4CJr1QpWK6DT2HZJRA4Q7U0_mfX3SUv9MfQQZNLwt3Z-SktQKhsJLmplVlPfWIS4MHtepxmo-6jkWrRyeBikNlaDuW-r-GY9hLpPn1lYDIzzGtKBc7wx9S2wUxbDq3LRs-w5jSlX-ONybKhdThM0NF0g5in6G1m1nLeWd9l03dBzITVJnH93gBQbFDyjjEM6U33b4_Xd5gBelyPlb-F_YkFZOZ0_H07cJigd7R66SfcsnwFVQomqmIgvMLiLljXIv0Tc1DYgZXYm7VRpO7sOsTGFC-LTdBY6rKE79nXkB9AcEKaDRLQBpJgLDGLgSsVcSqK3n3WmLT9I-BgqUDzfbJrgGf3yOP3UXp7NQ7cmfiSDSyglj4DRL6QSjwzL4918AanfjPWGsPfZ55kA6Hwmqn7cq-qmoSRCiMDN9DYuxCN1imwGerG4VJtHmra00BamaMOZT8mhrOfH5RlkBtMwPe-5lIOI24', '', '2020-08-04 04:35:11', '2020-08-04 04:35:11'),
(17, 'krishna', 'vasudev', '02525252525', 'krishna@gmail.com', NULL, '$2y$10$WeId4x8k6R9ty.nGdOrLbeJL9yV5hbchvMzUzJjqnzF.mTJfpuXKG', 'eyJ0eXAiOiJKV1QiLCJhbGciOiJSUzI1NiJ9.eyJhdWQiOiIxIiwianRpIjoiYzA5NzkwNThlYzhiMzNkNzI2MTBhMzQ0Yzk5ZjU3MTY5YmE3ZDIzY2ZhZmYxYTRjZDY5MDJhZDBlMTM4MWQ2NzIyODNlY2RkY2YzY2QyZGMiLCJpYXQiOjE1OTY1MzU1NzgsIm5iZiI6MTU5NjUzNTU3OCwiZXhwIjoxNjI4MDcxNTc4LCJzdWIiOiIxNyIsInNjb3BlcyI6W119.QE3ggszSj1e9zuDp4IlsEj82JPwNdElhzxawq5Aa0p3O1iWIG0jHTTe7sKb5tmC50zfSn4hMV_zVvl-gJp-t2R71VHQpsMqVKOmfEVpTZVBP9e6GbsMooyz8mGnPiPkWVFGr72i4SKKoFKwrkLaX4A8IUVbEsSJE8t_G_0naX9TRFY_013jQWmfNiEyzo1IUgF8UqePqsCVgGM6SBzlRwdfT9RX-94QJJ-Ki9vebir3paNfezvL20-jgOHSUNjgnLgzH7uRDceA7FtEUEzyHATfCSyA2fZhlAkrzG2CtASX1orltPdJGZD2djtnn3rJgxCOW5-lFOWTD0thK1ew6C7UuCKi38S3iEKT6B5uIYVvDGX50SvjeY-1UUX1RR0Jncz19dsIQ1FIRXdxN-Z-3ej1hqA6NUTqHsN3I6QwulLACMoei_Gl4qI7_68l0jpTbl0EJK_S3rWS-gAmB61GYa-iQ-5l-YwntVsLt_vRq8MKz-4m3wsCJf_XvztMvq7ZzdnZMX-0XJNbl24zOK_qBxYEO38rABhVOEpDykVw9opyenpHNzYl2mdRUJIASSa4gOQrdAUzLuCeqQKRHTGhXXzaIL-CPhHr1S6HZ8nfQ7gmjTeWG3qJFq9CTf35AftjjGuIBITofVwPE6RNBBT0_xlIsoRcmlNF1Vh9sFbU7gl0', '', '2020-08-04 04:36:17', '2020-08-04 04:36:17'),
(18, 'harsidsdhie', 'thakkar', '16560541238', 'lodvvdareefdfgedffw@gmail.com', NULL, '$2y$10$E8yO3cozC/iRMOobGKIckugJEfUY8W/EKH1hBn9VSBz/1YGscK/P6', 'eyJ0eXAiOiJKV1QiLCJhbGciOiJSUzI1NiJ9.eyJhdWQiOiIxIiwianRpIjoiYjVlOGU1MTU2YTNjNjY1MTM2ODI5YjMyNjYyNjI1MzI3ZDQxOTVkOWY3Yjk0ODJmZTY2YTVkNzI2MGZlMjA2MzFmYzdlZGMzZmJmZDhkNTIiLCJpYXQiOjE1OTY1MzU2NDQsIm5iZiI6MTU5NjUzNTY0NCwiZXhwIjoxNjI4MDcxNjQ0LCJzdWIiOiIxOCIsInNjb3BlcyI6W119.peCAb5lyEWSQOCp4y0UlnYsz9n9lmeq-zPtuB7ZR_z-lYCAnY4mP6uJ9A7NR1xXcCopu7BU6Nzd75kW5JxdPNq7exZs6RIlF3Qh976kxsDu0wCJ8PY-29AiFCsLTxmfxZOWmM8S6C9qZumQt67lA8Y1kRjKaFZ-t_foxKfu3CMLBHYbY0saf1impzbZr5CLEZAnHwuVRGemiJiQxmPbTx_xu6c7NUcj-64UzVfR0hMgBIeUtOj-7LbXuspTHcKcSf2D3BGvazMZJq38OEZJaIfvR0Xbs3aTKqajDlmWENdnTvd6prFXiWom9Rdz2nnnaAM5gJchwHPB3SkP6koxOZRDNT-2ITqTV-66K1VFLKGhCcnD8wMBPJUsCqLN7xcht0CWIC7BbJ7T4o4Xw7fhYWRJVvhtMNYhBFlHQovaCHx0wj3OtclLHIyiZvk5uqVqewiwLYx9XEtiZhlZA1mtFt4Ma7Lm1Weh6Z5PoysaqQ6Jy0NLxtHdr5ud5XEnz_9j7enab_iRqahyWFn0JsqomR__7iIaGi1b6_Ai1l6Bh-Iv78bKFbXD4ubyEGXYMUJC1_6iLuhEu3wdqVLFyOODoIM7cOaoFD86aEt1OciuQ2241qG7ZnfItzGqnmhscsx2CaF1Rw46bGgnOSJFZxjRF6AfnWFCARIsyGHIKC2Ajrsg', '', '2020-08-04 04:37:24', '2020-08-04 04:37:24'),
(19, 'harsidsdhie', 'thakkar', '16560504123', 'lodvvdare0efdfgedffw@gmail.com', NULL, '$2y$10$a89Ajbr8a11vfxGtMgbIr.0s1NE48WNhQ1c/19BeeX29C3iUWWPL6', 'eyJ0eXAiOiJKV1QiLCJhbGciOiJSUzI1NiJ9.eyJhdWQiOiIxIiwianRpIjoiMTZlNzRiYjUzOTU2ZjIzZDI2ZDFjNTUyN2RkYjI1OGQ0ZmY3NDhmZDg1ZTUwNDEwOTgwYzk2NWIyNGI5M2M2ODc2M2IwMmEwNTAwN2FjNzAiLCJpYXQiOjE1OTY1MzU2NzIsIm5iZiI6MTU5NjUzNTY3MiwiZXhwIjoxNjI4MDcxNjcyLCJzdWIiOiIxOSIsInNjb3BlcyI6W119.Jd21ixTimi9NLdUH29JYs1MuPkqyhHi3y8yGbQF45Zwx7LG3UVMsjwrp_USB3bA_6pRFWR9e9igH5dooWc4KMxUxhUxNBt2uZMHuH06mEALYQKwJcsf6JbPFHyVLS7b5NEO2a12_xCHmPN853yUkAxk6rN_kxLJaNqtAf4QwZWTgmCoDOGraNSM1cRM4DXfvv5A_b6OpABwHew1abPSUG6NmFl-mSxsS1XShYhDZup3A6xVE9GA8y766Ddqzhh569kFGI8gy8x5R1Waa3kV_VgOYhFZM8TAbZRvDYR8iECXnaIvU2pyk0qYLCZtQnyIMuEty2clDg2H0AlIQ5h5plzmI6ChaksQAy_u8N_0ueleBZtO6FrR4SAOMJJ5fqAzj6GTKZA6Shy0ZDvyysu1sY6rAb4JDxA-VYYh5DsNvJ-8S-p1wdB-E07JmKp7FUYOwWC0x4us7viEoFQSIicMCw6jIGdTTqmX2cg7lcD6GpTzg9YhtGQOetkE0VkobVA2Cc-mSIqcnVBkDbJZ1MDdT1HPoS6qtYyrTEdAopLTHo-gUOpp6psivtVpRjwUQ1LNWTfQ3huaY5BV8j9AdJDg5aXt1Ohw_WxXQb7eB8hzkAPW3i7Lpet2fdPazTwNFSnBUR_5LLcPrsTtlYwcZpUkjx3ZyZ8ohsNQXdEo39osktCI', '', '2020-08-04 04:37:52', '2020-08-04 04:37:52'),
(20, 'hima', 'hima', '1234569874', 'hima@gmail.com', NULL, '$2y$10$9NpHGGbyKOQU5.3qR.DHBeQzt8XzBzQ.GPHJQYzuzxptIK2f5g4LG', 'eyJ0eXAiOiJKV1QiLCJhbGciOiJSUzI1NiJ9.eyJhdWQiOiIxIiwianRpIjoiNDJjNjY1ZDM5NDkzYjRiYjY0Y2JkYzFiYTBhOTAyNjc1MDI5YzU1MDQ3N2Y2MTNmYTIzMDBjNTY5NGY3YTQ0ODEyMzlhZmEzMjI5OGFhMGYiLCJpYXQiOjE1OTY1MzU5NTgsIm5iZiI6MTU5NjUzNTk1OCwiZXhwIjoxNjI4MDcxOTU4LCJzdWIiOiIyMCIsInNjb3BlcyI6W119.TAb0WobJv5_bTSutTFKT_Odyi5xZloWUEonLdH2zrtnyhmCmb2_sN_ZysHKdlvQlvsfU0q95AJEL4Q1ThWbJqGuEXR2CSR8_hks913JgaIM_VDdDIYJrvrHbUaEUK2At4Ng8vi83gKeTOqS9BDMqgfsHIUJsIl1ZzgN6PDSKaCqL0em9-YH0drP8KaNvRV0C3anxMNlA9vbr-bkyrZXu4XcaABGv63AAVS4C0s4qu4eYCeBw4DSlbAfdxnluC2QBIvuT-D55EbHJwHKI-44WaU-XYTXj9oDul-syhzuhxeCW07HgjE1op_Cd0nOgAgISp9YxOI2isd5_hNumskYyfAIvOtkauNrAspeJNg6Q-CWN0WFWGUIPWYY5EdY7jD4vbZX4zTQVyvl_d7_kPvmJj48fJOpENy-kbQStcmz9LZ0gARefBIXr-B-PT7gxwrJJA7p-akM0w9IclIDvjarwDn9EFS5qKJmnXO4RuSt5p0-KbongmqRZvAkutIDtHGDWvrJHirxBX5y_hJYqlWTxn_scBah7ryvl8R2wKeQAZ9KgnyBdPTaDjIxwo4bWXPt-eZ4LB5ePucdnlSsxVp6wp0IM2A1nzaT6cXt2NsXVEFJKXhSV_YbtQwzJyTjG7bAp_pci12yIJYcskKlS7c4oVWfsTn8KdTzMJqaPyqpCux0', '', '2020-08-04 04:42:37', '2020-08-04 04:42:37'),
(21, 'hio', 'jijijij', '1231231231', 'harsiddh222i@gmail.com', NULL, '$2y$10$Z35xWas35MKH8uZz0Lmn/OM3ki2BPJ25bXDP15rHRKHF6MhYM/8CS', 'eyJ0eXAiOiJKV1QiLCJhbGciOiJSUzI1NiJ9.eyJhdWQiOiIxIiwianRpIjoiY2I0ZjFhNDY3NzU4MWRhMjVlNGJmNGU1MTlkZTM0OWNjNDlmMDY5MmUwOTlkZjM5MmRkMzU4N2NkMjliNWEyOGFjMDRiMDNjMWNhNGE5NWUiLCJpYXQiOjE1OTY1MzYwOTAsIm5iZiI6MTU5NjUzNjA5MCwiZXhwIjoxNjI4MDcyMDkwLCJzdWIiOiIyMSIsInNjb3BlcyI6W119.JyGik4aRWMf-FEq_EYMOxBsnCjmcJXCqui9Pq3ta-EAeZzR1ORkvDx-ern-6kyQoU__bxWqF6j_QmeVyknmxC4JG7ikNtPOZPqCvzFVnW7krOOg3utALvbwNUsAsRxJ5C8cUJCBAmLjc_Zzq_dNv8JCoC20_AFgxOyQOYmvijFxUur2HIafudkVwvBvi70nLeWhvp6Bjipsb62Q85J0tpAwceeF8bhOLnQS9mDYV4R9r7nXA0orT54aplsyrKrSMTqNkY5BqeuFO7UEPMPOOqQ-6aeoXKhPRNpCDu22diqsbwF58juJux--Xf48geSQpnDWJSk_SekdcvU2BDv8u38MLTMyyM3eLfdh-V-MVvp8gh_nrZPlvJcSQEZmPv3S9wuj7-wiHF13_Xb3pULsvqA4F4sr8Wdt4GeeOmSgsmM1ape28FtJ0ZEBTq18xjVgjj1gAc6rVVqam631nhNmRITC9rxEN5STKK9kTmwqWZN7-QB9UdKay09hUS2c5Jt09YAWh5j2ITLbrmsEKMrQq1YwfwICeDMLLJhAL-tvFWHFofBQrni0NWR0OZv2VQ1SelTsts12dyPaSJxMEEOhxVbDMvVUlkiMnxcP5p-X0XvnQlf32Om8l7VmQ3qLBuyB6pdvg9ynm7prdpzpTwalxf-NQ3QJEP3TWq4qElJDMUSQ', '', '2020-08-04 04:44:50', '2020-08-04 04:44:50'),
(22, 'payal', 'payal', '9638045877', 'payal@gmail.com', NULL, '$2y$10$4HgKggz.k0EdAiGCERQ/iuK19S1WwlPntnyqBaHvWLtS3Zpa1HRLG', 'eyJ0eXAiOiJKV1QiLCJhbGciOiJSUzI1NiJ9.eyJhdWQiOiIxIiwianRpIjoiNWFjMTUwMTYyN2E3MGZmMmJjNDczMWJmMWE4NzViOTRiMTY0ZWY4YzNjMDMxZTFjMTQ5YzM5ZDEwZmNmMDFkMDkyMjk4ODE0MzdmYzRiNzgiLCJpYXQiOjE1OTY1NTM4MDIsIm5iZiI6MTU5NjU1MzgwMiwiZXhwIjoxNjI4MDg5ODAyLCJzdWIiOiIyMiIsInNjb3BlcyI6W119.KA9Mka7aZxOIBdcV7QJD4Y8GPOuPJpMjzXEY5OI2fc9zNLC_B6nUvDzgbWS_mug5uwb_5S4qwECTXhpeqSly1IN1YRhbKAQsI1PUgDOg_U_52hVdGY7v7v9a0BdbCs9diBAjBcshUuuBaErv6hZ0m-NNCUxxYanUWgKB1ShTB2ugW5K9yZ5HtCTOANCRowj4uc-ahDdY-k9JkhxzlYGAipG6dqMRl8_VZXqB2k5mruMvsPt6LBO38zkJN9kxKVbR1WdyFGCTayGuXdkZGOrZ4CfwgD6tmU-KIUxizykuFXdTy6tuS8Wb-7a0kK-KA-Z7PfKVL6YLGRnb0MSoQtQxjphIPoOmYtmXCkt8CWcSWbye701GrZlQHTXJnkpaLFJYNPeMq1jW1L3ezrl22lJt3wMTdnTtRia1kL3zUnOuROMjOQrkQYzggEI77RvIkvRbHjlhYTZ-dLHkBjXlGBXpZtKVVm4VEFnbULE9wAdeyb-ZYB3mxPi6G7UVTf2ve0Mi_OjQuSx1lWoJtj-qfgAIytrtiv3cdzImSTwMQ-d9riGzCYlDHhuwNvUm67ltGc_PJjdYcMiA8yHVQC19Iwned0sp-e9szCVwaMUomKnV5Ttu3A-c9G8WC0lCmWv3HXpxU8xNNpB3hKUaxN-Lg_bEPg4wGpx1tTkdxqEtxuFbIk0', '', '2020-08-04 09:40:02', '2020-08-04 09:40:02'),
(23, 'jay', 'amin', '9638045822', 'jay@gmail.com', NULL, '$2y$10$xzgOEaSX3jVB58YzwTIAe.wl4rp9WGgTkWwafZCRuMkWQR.Ad1.Qa', 'eyJ0eXAiOiJKV1QiLCJhbGciOiJSUzI1NiJ9.eyJhdWQiOiIxIiwianRpIjoiZmMzZmJkMGMwYjYyN2UyMjMxNzc5YzU2ZWQ3M2NjNjRjOGE1ZTYzYWExMTI5OGYyMjFmYWQ1NTk4OWFjOTRlMjA0MzI1YTkzNjBkYzg4Y2QiLCJpYXQiOjE1OTY1NTM5NDEsIm5iZiI6MTU5NjU1Mzk0MSwiZXhwIjoxNjI4MDg5OTQxLCJzdWIiOiIyMyIsInNjb3BlcyI6W119.XU7OznWdx4enY45b2tgzgQ9fhgs59-TGi7L_ztRVZ3WsvGXss4PFAENqYWcTpuotvfhGmnACJ2CVvXCQEgxWG_c6lwMFq2xpuMhD1N5UbgnZoB9XxhBY6bzuIMlSuzrCi3BTAkutlR5cIzqCRUKF-M_urBRlDzpYas1SQxwLJJOpKEA9bjRF6TG4eyMgJxJvZB2q7goEFppWMb47-sfQDco7eVil5fAYHqYDetmsyb4u-rDyyFo4OeYt7J5oomc1nvfcSHrllV-f1BsdBBE5QVDpHvPCSh0sVg2e0RmP9OzEEMmTPASGFK1fRHDJ6R_t7NiIsHpeN51jZiGbGAmUZsesW6sKe6bi_UneP3U_zVEvX-MkInLazVJG7XAWLqiveU6thWvg0Qo_51dUUdSxxUINcy4BT9opOxCxCHbxqYprP1Shj1zBJ5_jjZOrgrUC3XUlRYrMu0XCdVS5VKnUNnsREDS8BX-ubOqn3FHRtq-oDyShGKvx8gHKoC8xaf9YMbylbd2a-_z-hS0BtpcscTGL_h2a1dLx2h8SCZ6oDsM29y0MN7ocZWOKRz3nzYk6xpddIZuzXQ4PagZ0HPDYjEOrg-wt1PYQ4bNPuh1WWvB6ZG58SRawdEOgoD0VERqgU31vr9rfxhZggI0NoxDJ5hoF-RSTjGTJWNsCN3QXACk', '', '2020-08-04 09:42:21', '2020-08-04 09:42:21'),
(24, 'ram', 'wrio', '8888888888', 'ram@gmail.com', NULL, '$2y$10$3S0uIneZety/07pLOnR9wu5MhYtQk1yxUG8J0aCsB3Rvdy3toYJJu', 'eyJ0eXAiOiJKV1QiLCJhbGciOiJSUzI1NiJ9.eyJhdWQiOiIxIiwianRpIjoiMWZhZDhhMzBiZjUxM2EzNDk3ZTI1OWE2NmMxMDE1ZTMxYjIxZWE0YTdjZWQyNWMyODMxMDE2MDhmMDhiZDEyMmRkY2NkOGZkNTYyZTIzZGEiLCJpYXQiOjE1OTY1NTQ4MjIsIm5iZiI6MTU5NjU1NDgyMiwiZXhwIjoxNjI4MDkwODIxLCJzdWIiOiIyNCIsInNjb3BlcyI6W119.TBudjuRLD7M-_0j55ip27GaYjj1-8jriKRLERPucOnKuHLHoGaFjaAo3DFUibX-LjR_QevoG2gvDbY37eEZ4JP6TQnqH1X8ZK2nE0AjLKUnp0WbTBOXvDVjeKHiusKvp6A1-mZjSlZjg5dH-ludfPUN_tVUOTtsbXOKCeSuyh7rGmMrvIzWA5ead5zBcjpnp3pBz0_V2aVbOidH9ABZjhLfNW7EpCLrVlx722dVEW11IckwIdyIS7DhRG1HSZOsoO2nt9tde1No5xmS7XirZjjhLZQIi3gXKBKRN4L-QPKUsmGX_gpKmh54rSuAIossENeN0JN1FK5a2EyN7kGFl4iDsshGxNg8a775lZUYq0PsY0OdsWqPb1FlHDUxUL-YazuK5s0WUzVq_nr7VKGqxFW0cklQln0TLefVuUOqRSgh5Dhl9J7ikNocVPObbvUwb08VY3NovnmhtpSBVAAJAKFkkpfS93SJJ6ntGhtNMOmomAACuARfJ1aGoT_WbVQ5jcU4M_drxZ7ZzaRuoOC_XW0VQNE3XuL0WeF2h0xWGyKC0je1YNWybemv30IwDPBRuR6zyktn3idYKFEThnAmWxEJLZTd6UIWXUDjmf63V3h90sj9WR2s9rKcHPSSfdBw-xKBthJd1hJ99c2SyEs685OtltMy2gA9fvi83GYB-ERU', '', '2020-08-04 09:57:01', '2020-08-04 09:57:01'),
(25, 'edfd', 'fdsfsf', '9638045899', 'fdffd@gmail.com', NULL, '$2y$10$1jcT9hjxcHXma3x3INBdG.RE1ngJKej0HRshKo7dbbkY5rD3FkqyK', 'eyJ0eXAiOiJKV1QiLCJhbGciOiJSUzI1NiJ9.eyJhdWQiOiIxIiwianRpIjoiZTYwMzBlZGM2MTJkZTI5MWQ3OTVhNmVlMTIwMmViNTM2ODVlYjNiNzcxOGQ3ODJlYjkzZDA5ZmEzNTY4MmI0MTFjNTBkYWNiZDkwYmExZjEiLCJpYXQiOjE1OTY1NTUwMTIsIm5iZiI6MTU5NjU1NTAxMiwiZXhwIjoxNjI4MDkxMDEyLCJzdWIiOiIyNSIsInNjb3BlcyI6W119.L8PjNqJxYFnlIlzifAouD7cXnUnmVxN2fRoWRQs6yBfBopMzL3c_TWUCDIgMmkaWo2rja_IhOPREwNzbnKxx4OotdVio_hIa4NDKjLd_DXu5zh70Xgkx5FJMuOaZsiFXyyUxE-fSwQ8hEf-OMX4sTXk-M__fAgO4C102bLx6qNkx6a3IQhx0rB8keY7zhkaaCgY7XPwNHfeX1xbRH5Bxy28oqJG9MaCTveA6Fl8pAUwfQLFN5EpU-U5PIJX8vSppaC8giHNCi5Py0p4n6lu5S3k7NP1d_MYy37d-c6XZL9vjgeLErAe6SmATn-wrOZzTyqMKJu-Ir73rklzWK6CVPAyDqlJQVKj6JKNU9yqWgHBoJGX8SZER8kFOQsss81KJ0dDRfGt84Y1rBPFG7NHM9H38K2zFnBRD13Ry7JZJi6Pb9R3gyhglr-p7uvdhgPw1xk-rAtVPulFaD5WgqhI2NbcuGZAt0QIxlqnIlV0ewc9wymF6cI0W0-Pf-2AvCQAv7VFAiKS9JfSwFK5DzeBRtLlc6BUZywSVpDH__Yb9slqTLwygNRuEu5rApZuzfTFm6RbAomdLYV9Znu-N8HCk5fKsKbo2xzLEh-jbD93fhpIjm1teb3RnPeyxtvk2ZIq0qX06KiioWTd1MfXhZhr1Zg9gWQVHE-vEjT-obtvxO3c', '', '2020-08-04 10:00:12', '2020-08-04 10:00:12'),
(26, 'yuyt', 'utyuytu', '7896541236', 'ggjjg@gmail.com', NULL, '$2y$10$SltsHu5N6VjagbfC09FU7OIcZHofASSx87u4GuRZprB6Z2Gq8sMJm', 'eyJ0eXAiOiJKV1QiLCJhbGciOiJSUzI1NiJ9.eyJhdWQiOiIxIiwianRpIjoiN2Y3OGQ2YTg2Njk0ZGFkZThiZGQyMGMwZGIzOTY3NzBmYjU2MGE4NTNhOTFjNTljMDYwNjkzZWI5ZmYzMWYxNzFiNDQ1MTg4Mjc5MmE3ZTAiLCJpYXQiOjE1OTY1NTU3NTEsIm5iZiI6MTU5NjU1NTc1MSwiZXhwIjoxNjI4MDkxNzUxLCJzdWIiOiIyNiIsInNjb3BlcyI6W119.A7oB5aizQovtCWM-6_k6DbPlL9lyOui3k2dCChbxksWE7lODJLz9TgRhhWaGjNUNWKG7u_nNfDqvmjVKKTlYiTRBorNpQfds0gKiOi6pnRVmMJL3sHmXpe2EuJdO6BWw8xJW7IjuOUTRegZwh30wqqGvzHzzPHYO0LYR9H3tJUZHy39GQM8gNi2vvf679JRFCbLEpbHz1QJC_RyU50R-jPSabHJGupReh3hupojRRKm2Yc-KJDPzUyDv7P6x9WURsEpcRY0tWjccip1uGn5InON7ehxRHLeGB04P7EjmPOSjkvu9H2r4hY44Jr-Tdan_--TmMf5jlO_rv4bhyJqvVTS55gI8B5oI9kXSeh1CCQ8R9VT4ngn9R-ZqHag2GlooG6M6REdXzzuABEEKHW1yHoQNL52bgxP6vFcTu8ryXMpSaw2MBxgfTPQkp9NIg7HtWTKfRdUPfiUp8aCW0NlcBvNvTOVihYeW19Nv7BJyFcEj2swvRMt-XyZLHQvibkqvGgN0g8KYg8vfaRcfVkvN3_vww5n1bsHE1l_ZrDGQUg2c0vpkx-_66A7AEpfySUB5E84uLmZmFSbuK830uYkkzdjdMvmzm10Tksl2ho2Mms1ilyDvOpZhVbAdc3gNGWp4G3VH9tjkJzmqAZTaUb60ZPPTZhZi8mXtO9mtRPEN_mA', '', '2020-08-04 10:12:31', '2020-08-04 10:12:31'),
(27, 'sesr', 'werewr', '9632587412', 'ewrwrw@gmail.com', NULL, '$2y$10$gNWnKPKBo66rRHxVuwSvuOOtvXsj129E3hQ46.S29lHmTYwnl5ZFm', 'eyJ0eXAiOiJKV1QiLCJhbGciOiJSUzI1NiJ9.eyJhdWQiOiIxIiwianRpIjoiNDgyYTYyODYyMGIxMmU3ZjM2YjMyNjMwMTg4MTg5NDkyNzZlNzU4NTVjZWJiMzJkNTZmMjVlYmQ2ZGY5YTllOGNiMDRmMWZjOWRiMTdhZDUiLCJpYXQiOjE1OTY1NTU3NzksIm5iZiI6MTU5NjU1NTc3OSwiZXhwIjoxNjI4MDkxNzc5LCJzdWIiOiIyNyIsInNjb3BlcyI6W119.mHWPE0otGGRZi7VzBmgjb5RF1bVSmf705h4sGFss97dfPWNyHmtpIyB_F3Ejd2eKVLlbIPWQam3x7TM6qxVJ0gzQHk1srtMOWY7u_xB-o2c68FjptlIv37NJmmfxqj0COEsPlbySk_u53OmOZ0HYDA97XgzlOEoHX-uTVSmJhTF9aFqcOqCuEYxMdd0CwdjA_-y2rOQyWeR2Ja6hNl86hMVCzo0bwtCyY3BPzzxz7Oy4YjVnZTdWfYJ4nI_nR_91x3egNyVHYPXvWnxJY-T8-OB5gfpJQduykHm1Ggd8I2z4L6cnT4214IySGPe95YopYQpRfLXKVb1inYiyuK20YcFDidX4ZQpf20n4KwmY4tzq3bzMV2puYs564j-gau5g1ULwGvSu2OiTaWvuNJssBcEbxnkN278w_w2V2eyEzz0mrC8s26x4WovoHM5hjqdT-tL8x2XanzPtQk60I3GoZERPE3sRPUPHYOBn94st1k5-RPvp_xaOAohhcfRXX5UyN6Wpv487Bh6dpxeufsSG7UVfPQvgvSUz1s5Sb8xJaLmPLIDxwr30L3xRE1lrXQ7jEIDx6hOSMDsGIpSTvdHR1kqQEcymqr4OgTLggLE0y5byDT2EVumPg2NIzpeJSAa-_twFC1_g8xSMGpHnLXjN1470a01DH0KFl_u-cGmVl1o', '', '2020-08-04 10:12:58', '2020-08-04 10:12:58'),
(28, 'sdad', 'dad', '1236547895', 'dddddd@gmial.com', NULL, '$2y$10$w7q/N91s0JnBZJaLM3XkROQaFhCm5mLkCExJerP2pNwEl.RJl6bXe', 'eyJ0eXAiOiJKV1QiLCJhbGciOiJSUzI1NiJ9.eyJhdWQiOiIxIiwianRpIjoiNzdhOWE0MmZlNjgzMjZiYjRkNjEwODg1MzdhZmQzOTlmNDFkMWI5ZmM0NjFlOTdlMjNlY2U3NmZkYmM4MzQ5MmMyZTk0NjE5NjJjNTdiNWIiLCJpYXQiOjE1OTY1NTY0NzAsIm5iZiI6MTU5NjU1NjQ3MCwiZXhwIjoxNjI4MDkyNDcwLCJzdWIiOiIyOCIsInNjb3BlcyI6W119.JB8G5HegALjtnP--CsjRWO3KhsLkR1dK9viyfliFkSfKdlZwxOcgyXhCCdHNmgSIdZpsId6MaXKEnUN1p_mOgBXGnlJ8BT3AI2cRlw4sHPvfw8KvkVnMszNEG8auPuWq_jzaQFt4HYQfTRxYP_Nf_38VqGCnRQqywAIpq70WIVBxlc7pvEEyOcm82mh5hxK1waxLt3MpR00_CDPC7klFXlumnHiNOXUj0npK_T6rV4HMKB_qr6DKoAR31ow7-RIUJ_4EWQBzLzyVIXOeBwSU6cGgaV3Tk-OhhtouS_OogGw2I1Xye8MLokdrPI8kMl93ImeYQ9BfhhmG502Mhb4KQKy1bP_3mMG6exjA6_58ZOqtRqtENgOXa8ZoWUvj5YgCay3LWgaDFq5Or0-_zVhg-hPTc9evzZeZSfiJn1lSkosREeYO5fU7NoTS8Lq2LmUlJTUqyc9zRlwSFWHclkFaklIjHriMuIYrRl4hMzXrfbSBYZ1V081SN57NnyR_64RIFT1is9Z2hOGmo_eTzE70wYu_CW8EKOfmmwEHZ4Hl4dD4ztDDMhmc-SkxLLnt_y3TpuyN3Ygr63v8J9OO-nmc2GUqjH3Qn4_cTchrBYIDU0izmzF6cn1ofk1RNZJmm4guReRp5qFL5KA1wnWa3G6kGig7EaoLrE8LN3SUBKzw3bw', '', '2020-08-04 10:24:30', '2020-08-04 10:24:30'),
(29, 'urvi', 'jfhsd', '7778889995', 'urvi@gmail.com', NULL, '$2y$10$txzdi6Xjx1/GSMI4jViyiOuZcyS./.n2VlVLIPecCGYErqPjbV48y', 'eyJ0eXAiOiJKV1QiLCJhbGciOiJSUzI1NiJ9.eyJhdWQiOiIxIiwianRpIjoiMzU0ZWUxMmJmODhmMjRhN2Y4MjgxZTUzNGZhYjNmZWFmMjBkMjhmZTU2MTA5MTVjZDM1MzZkMzFmZDgyMGUwN2VmMGU1YjY1MTRlMzE4ODkiLCJpYXQiOjE1OTY1NTc5NDMsIm5iZiI6MTU5NjU1Nzk0MywiZXhwIjoxNjI4MDkzOTQzLCJzdWIiOiIyOSIsInNjb3BlcyI6W119.BNKYKzSER0h4vMEZJqn9mC9EjbWWnV5M5bFJyISdRVyPFA0PqFtgQtjBLEFkA9lfYGmWadkSeTuZOQ5FFOK-pIN_TNnY5emTutEJBw8AX4X4sz34k3jUFwkrk0Mgn1vOdRAgE8cmkVNailHpBVpc3xthwxmvbnQxFYRrlVOjsEbNyOLq2P4CYYMy6In1cbnTTYaBicDLnVX9AiICoyejWea3YNnPv_aaGc6n2dKBmCE42rr4TrItN9Fl150BEHRxYEAd6k2qWyuhNvWOErMV6Iz-9OH3uoBXD17tWHbRATMFUDL4Zcqsoi_q6G8OewKAP4o1Dxj9vV4saqtC68iXi0S7IPw6WRIm5EZwEfxP4QQqo4RzYC6nDCIBHUulnQ4rY_iZeo9_DjBe7kTnSOiGjvAoee0nTSeanIoeNg3_tuGhyS9MZ5qAeYUhge-iqLUMc8Du6Fg6N_IGTHAVapyNQAQx0KM9DZ-mt-zUrIyrdOIi_xdRl56AKm8X9pwahq39scDUEqu4sVEicBK5AERVU896Z0-dKKQOvEH1RJLsFfOIKc-a7sdCjV-G1aTfTJs3vCJ3gbNWJQszBYOUBkO4dFZiSwFvM9PD01MicvnM7VexAjCHZcMFa43_JWew3czoGVxL29fDHKiz0OkRMtu-vmJITX6kKK1jXw9i9eJaVMo', '', '2020-08-04 10:49:03', '2020-08-04 10:49:03'),
(30, 'dsfdsf', 'fdsf', '6665558881', 'harsas@gmail.com', NULL, '$2y$10$cxy3kX9RCJJsNUpfx5SueekW5VERAec..mLVDQ6i7m6dX8Kgzt6p6', 'eyJ0eXAiOiJKV1QiLCJhbGciOiJSUzI1NiJ9.eyJhdWQiOiIxIiwianRpIjoiZGFmZTg5YmVkZDI1Yzg1YWFlZDIyNjViNzM0NmI5NGUzZmY2NmNlYzgwY2UzNjFkODU5YzQ2MTAxZDY1MGY1M2NmZjlkZWVjMjdlNDZlMmYiLCJpYXQiOjE1OTY1NTgwODAsIm5iZiI6MTU5NjU1ODA4MCwiZXhwIjoxNjI4MDk0MDgwLCJzdWIiOiIzMCIsInNjb3BlcyI6W119.BCu2rCmxfqsHNzKEQAmA4yCn607zsUaQBIoG79NwitFcm-zW-Uw3jKmK_L35nJ-SBV33OrXS6p5LeCOgQk7BgfCPiLMI4Y9eMz4ulVH6ict5nKsKEdgfYWoeOzVMnhZnlZUnD2plcAa17iLktzUYE18FXxrwjmMsvI780u1U_2g4_ER3btky7ZYiyqrW5syZ7nxDKroCVQBgGNxZrNzx-jc3Fx7EkDdPXSOunBoZh2u1ueQ1cI9hC_nIzK8CMzW3R4vkleJ84aYScwMgMhZ4GeHN6zX0g_8aDEM8kmGpKbdw4qe7RCOl54d6IxwjUuteJ6phbjggQ47yXIrZbywDXxFShl3_nCFdUZtG-y6nM7xmCVu5G_ak2-lUtJwg2OrMTkyKsA3peQnJLIBhUPlPvcMIUyCCHKnpXvy0R6wwK-2XgNF8oOxAePOZgdU6z4aftzaIbfxz4pK8Yf50v10fWv6OF1z3gR-m6kBP_1OIUV0eIBa5wtJIppF704SzK_z9NuvqvGCVe-Hs7umeFfS1SnhVr88_Kb2RxsZKv9ekprWkn33885iQWB9A9oNJz0-5zYCKFgf5M81DVh-0j4-pZuqb8GxPNWjdZvG2TeHm38p2Sbuz8yaCeTvJ4CTpdcnsSQZ2fBkesZyFlBnq4PCA9jOYCtiS-OzhufcSPmbKIEk', '', '2020-08-04 10:51:20', '2020-08-04 10:51:20'),
(31, 'asdasda', 'dsadsad', '8885552226', 'dddsdsd@gmail.com', NULL, '$2y$10$10pZkIP.Ao20qrSIac2fxuMG6FifQma1qd9BA.nr0.x5AYdoPF3Tu', 'eyJ0eXAiOiJKV1QiLCJhbGciOiJSUzI1NiJ9.eyJhdWQiOiIxIiwianRpIjoiMjVlNWNkNDgzNDcxN2JjODFlMDlmZjgyNjc3MDdkMGU0ZDljZDAzMTAzOTkwMGExZmVlYTkxM2E1NjJjNmIzMzcwYjFmNjdmYjA1N2YwOGEiLCJpYXQiOjE1OTY1NTgxOTgsIm5iZiI6MTU5NjU1ODE5OCwiZXhwIjoxNjI4MDk0MTk4LCJzdWIiOiIzMSIsInNjb3BlcyI6W119.I6zaugf04BNjnDzjy_7APyl8glLoKdImfFryxwIvLHOCr05QB0muhQm5wE5n8l-5bkQl_u2Kn0AoSqATCj7bMfH-n4Al-rOzvhA05biy_BXmLyIldhtz5DS8wfHjLJiGmh6pE9GYjpsFHrEBEGz4mMmVmQRTzhZwh60lNO3M-y6PuePi-MNMa_BJGPDj-PXrHMHbQSZHDPcj_mfw6sfmyUuLYPyld5Qsy1YIf9FlXO_KsocnSS6hoCG_dqSfu6FM7101vqUvYrjcDZDkTSeGs5VjtfEm5MoninM094Zu6pR6flZ4_DUJScqjjgplA4qOlVwRBYWHK9VA2897C7PYbCUalNVa4kWA2bTs6L7Fj-O8fqMz1A93mp_PAyS-GRE0F8zmAoVNhIvHosb3pffmxzfnISHx0L9smqIo040DBm5MYxH68B0q6NPxDwgJAsaNkki258Wk0zkGtbH54cheFOBC65pTyh5vCT83vPRQUaAfboV2zIpQQ-9G8bS_p0J49v66yuuOLMitT80vOXZ2c8AlCCQFYbdF36Yu0vaiJ3L5xZsGg3lZ9UZrK3zMhaWd1x0JvWHJHFjtAJHhImtR6JqIEKTggOK_ArloKMeEnuccl_N_e5EdEyBENEGxwcmSllAlhzluWYYeQczQ70TdoLdjeQfi2yfBfFcxGm5BqGY', '', '2020-08-04 10:53:18', '2020-08-04 10:53:18'),
(32, 'hfhfh', 'fhfghfhg', '2227779994', 'gyui@gmail.com', NULL, '$2y$10$gPqnUjIQFnrtghCzWCTXwu900qf8A.bvipUNuXuqN20rlTKxbZqra', 'eyJ0eXAiOiJKV1QiLCJhbGciOiJSUzI1NiJ9.eyJhdWQiOiIxIiwianRpIjoiOWE5ZjViMzk3MjIxMGQzMTg0ZGIyNGFjYmM3MTIyYjBhMGY2YTY3YzBmMWMxZDVjM2MwNjNkYTU2YjMzNTg4NzU3MTE4NWE1NDIyMmNlZjgiLCJpYXQiOjE1OTY1NTgzOTMsIm5iZiI6MTU5NjU1ODM5MywiZXhwIjoxNjI4MDk0MzkzLCJzdWIiOiIzMiIsInNjb3BlcyI6W119.P2ZhnEvVCjZPdOPR8brUGtzWvIrrp_PioKn1ncWzs9nViQrMf3gstws3PEvWp8xHxWc-bbCf8IWoY55Us0jsLFNSp23TgbpkUMwKzzldfn-TMzMUeCVFkllMtXdXopOWZHNsT5uYI6R2al8dOM7vB1MgboDq_JWbaEkfUYKN2VRAoo1Axoy45iHEHFOXRrkPrRkZCSRc21p0DlG2mJHWx2HH-vSey9fvZs4fhCVV0YYeYAUC-LlYwcgeklAK_UvOpQpP1sYw3Ancf56AyNvt2x7BojUJZFgz1qW7dYXsjqQgOkFNck4pLBlNeU8dQH-PYFRXkvdGgbIVLtDFV4vEk3FCrxmJpAIa0Oi4LugIwf6b64fau8O8usasU99uaKGJDiZrdWJKurYZSnn6ueVExe_5ktXysriX8R8bCmYH0zSaMLIOGxWuKsogVZx-QibpDLZtFaKwvVowT3f0hQcYDPE-j2luz99o97iL7Zy6DLvGH5BsFBxe4B3XTJSbNLu3YHhuRrm8RlQ7ns8NBiUBvGoOvlAhs6-nJgKHkeQ7EddBGoCC7lyqBoWPhD2T-lVr20Lp8AdokXjHz8e3aYVe-2oqOfxhXddc0xWq2bwfoj95BFlLfHFuYFYYxgkc2pTNyIsE17CS2zHsCoqvr9vVfzuC4LydYkLVuxI-XKKMyj0', '', '2020-08-04 10:56:33', '2020-08-04 10:56:33'),
(33, 'dadads', 'adad', '7778882229', 'dadada@gmail.com', NULL, '$2y$10$Ldsjx.ZJNAI3Ad9OIiZ0V.ycBGdn1Uc9LuYzNW6Oef5eiFjDoHI4G', 'eyJ0eXAiOiJKV1QiLCJhbGciOiJSUzI1NiJ9.eyJhdWQiOiIxIiwianRpIjoiNzM0ZWE2MDA0MDRiODE2ZTk5YTI4ZjQ4YzRjMjUyMjg3YTU3N2MyNGQ2YWY5N2QxNjE2YzkxMTI4MDIwMWQxMjIxMzE5Y2RiODEwYWIwNjEiLCJpYXQiOjE1OTY1NTg1NTgsIm5iZiI6MTU5NjU1ODU1OCwiZXhwIjoxNjI4MDk0NTU4LCJzdWIiOiIzMyIsInNjb3BlcyI6W119.TpSgGE_zsOO84bNuJGcznZRAKEvLRBkKb6Xh59uhEh61ISmyu6y3AFvMCLjCJbAQRcqGpKZYXd_mV1SdUl0xcsOpkygRE2CP-f9qXHO-b-ATYbKEA6LEwrvQR_nTIrhTqZ4O5Lf0-U0vuJZ_XilILw5bIYF1XLxNItHF6aSBod0i49cBhpb4LHwrISrvzfSVFkVcCPtG4kvlEjTuuElpbL8gmogwNSzRwW59nh37Rng7c8YbSyHwLyIStsXLjmmV08fvELfgogVZ9pr7FVcHfc3CH0b08JOK2oed7gGlAYeF_UmgJA-iIzubinWdkPMFogUJX_cS7c6cklIHwzfFvE7LB0VxISUc8AS9MTkoYlf-mKItw-y-4Js-eLcdFSC5OKTIuvakeTKpt-6kpknjQWjOqVIvAtSnLm4-P6ODHjXyYzgaBzyDbVyito8uKS5Cq6HXDH3APYq8VUWSCwV6pa2ArcBNXthaYaZ579g8zHkQo_xuw_aCtP7fCs9aJx2MrCNJ0yo1aT5-_lz6sw2AUBFQGpp-3-ZAnDBi_vBKEUpSXBUMeKnDOnk5U8PqGGFv46a0DJoEC_DLULaS5toceg19MQwbbeJ41dGVNJv-jkriYnGW_NuYVLsNdZYuFIkKhJl1b70rYHKLZ-_fN-s3ndCB-JwSDGLo6ugAsg4O31M', '', '2020-08-04 10:59:17', '2020-08-04 10:59:17'),
(34, 'sasa', 'sASASD', '8883334447', 'SDSADAD@GMAIL.COM', NULL, '$2y$10$nJPD3ZselapbnsK58Y6LaeWatXjnvBfiW8mz.HYgOB4.t0KxrAAx2', 'eyJ0eXAiOiJKV1QiLCJhbGciOiJSUzI1NiJ9.eyJhdWQiOiIxIiwianRpIjoiZDQ4ODhhYjhlN2FhOTdiOGM2MmZkYmJhNDMxZGQwYzAxYWFkMzg2YzZjOTgyNjU1OWNhMGE2MjQ2MzlmOGViYzYxNWFiYzQ2YjE1MGEwODgiLCJpYXQiOjE1OTY1NTg2MzEsIm5iZiI6MTU5NjU1ODYzMSwiZXhwIjoxNjI4MDk0NjMxLCJzdWIiOiIzNCIsInNjb3BlcyI6W119.bHTPfAzFQ70yj9pvBxNEl4K0IWiVDOmDCTz6tkE8FjP9bzAiP3N0zB3sgLYDHyXXaznameh8YZnxN5_SarSKLSdJeBGlb01iUmqLNW40PHiySGnLEM39rkuo89okv5XQOagO4uAYhaGEegPidxeoNaNzJQ4uG-mJxqhlHAJDuKZVSniYdmkTy4PgqBZ_SwdccGh45YhTOJ8vXGuNHsbF6NOW34gC4b7rpT3Dl_RappVtU2LwQnNobmpTea8GJHZHT4cwIJT3k7J_QPLJuUINQM5X92S_vdA0E1TQ2oha_2UYy-d0_OAe7nSqlSnITAWFBjBKZ8N5toi99AoBl8hOIUGGiZxPOP3D_o09uOZadPlzC5KJgodbbhQ3edAb9MehTIp9Vsr94qjQeUNBpoDMCRGAd7hEhsl_Lh9dmrBZfkErt7DaZM9ygpGwwjIvHYSvOUtKRX7EYwTGTVK4bDcyTwmHR2_vt7XsXR_29sX-95rYjqhMn4Sww_JHdJ9AFCJFJrPf-pVN5uwZswOXKwjZYpmt_rNx_kZgfW-V70xdhxKTHoawGllKcQxo6h-er9MtjjU6S5ryMzgY8E5ttmuwlOKrJAwi4HpcQ6fwYz-TeCVFmBb7qYVKEkG1lC_Xi3X49nnqFjEsthabKEwElYvLtUZ3SyLtKnPo0QeFO7PxWXc', '', '2020-08-04 11:00:31', '2020-08-04 11:00:31'),
(35, 'asdsad', 'adasdads', '8882226664', 'www@gmail.com', NULL, '$2y$10$ASk8trsX3EyYw9tMrHlHWuVXwIh5W7mo3xSotKpaa7W.w2HRIHR6y', 'eyJ0eXAiOiJKV1QiLCJhbGciOiJSUzI1NiJ9.eyJhdWQiOiIxIiwianRpIjoiOGMxYmY5ZTFmNWI1Yzc3ZTY3NmU5Mjg5NDAzMmUzMmU2NGRlMWJjMmM2ZjFhMjczYWE5MzYzNmY4MTBmYTlmNjUzOGFiYjQyNmFjMzFkOGMiLCJpYXQiOjE1OTY1NTg3NjcsIm5iZiI6MTU5NjU1ODc2NywiZXhwIjoxNjI4MDk0NzY3LCJzdWIiOiIzNSIsInNjb3BlcyI6W119.O0c3EqIzOzEgSxQ_FFy4fpfGH9raUxZecDQJuzxfVtlApnJL6--HD3Waj3fS9_mRy8MqJDSBItY1CxHKIKQva4QYDMVm8jq-ovZWw70kf1H_0jTX9iZcWms5-OJbQYPGdYu0KCV8FKRVGu6rJae2_wMoFHF-EOmB2dHJqyfc7vaxcA914RHbpFjcAuhppb66ERRiBNwZDWARDXb7P6aUDRsiHSgAGYlT4p61rnyOMGr9H3I-DH08Ndu_q7TuWGQup2lhUGnvuVqKEbE5eewLs1Avt94ivpJ7f3ur6MAPRIHmyRtyZpG27-1Cpd5oM5L7aPqK5SlqR_g0xh1Pd0SO9oumIcK5fZiwuYctvWzzEv6zIY1DhVcjNOWiFQfWMdb1-ozd7xPnOk8n2ogLaBnbOIz2_opkSsldccmVBx05Wf9IFbpt5OgzcC1qhnUm6CInDvpocr4OkppQkEATdDmF1SqYlpUQc97YR6b7a8UPc_TFBZmbx04AFRRjqQ-08xJJMCCZHWfwMfniUBdpru27uwNoGzJ50xr9Q7IGUyL9b-c1Pg2fx6ddb4RvcFOzbWWN6uXY6FgXSX0E6QW-E968i4eY_GMquyXGrpT5lzYNWgdcZas2lGiOcJjziwsmhg_lHHwlT6A1Zs0oQl4r5YUz0aLuujeQfXAF_nlBxhhewOc', '', '2020-08-04 11:02:46', '2020-08-04 11:02:46'),
(36, 'aman', 'sdjfieyshf', '1239874568', 'AMAN@GMAIL.COM', NULL, '$2y$10$2I06uC.iF7JNrGpU.kVMB.rNTUP9rB0KL8nAfZCgU0ByeVe.DAPJK', 'eyJ0eXAiOiJKV1QiLCJhbGciOiJSUzI1NiJ9.eyJhdWQiOiIxIiwianRpIjoiMmFkM2ZkYmEzMmEyNzBjMzhjNzQyMjQ0Y2I3Y2JjNjViNDE2MWNkODNkMDQwYjg4NTdkZGQ0YWE0MmFjNzZiNWE1YTc1M2Y2ZDc3YWI3OTIiLCJpYXQiOjE1OTY1NTg5NTcsIm5iZiI6MTU5NjU1ODk1NywiZXhwIjoxNjI4MDk0OTU3LCJzdWIiOiIzNiIsInNjb3BlcyI6W119.U1W31PY2dKfz3wh9tYIF3QT0aBfbxUdmxj5IFmKXo3l4rfn6kU_L1RaJ3LFrStdhnb3JDfgRUFEvbn9T6871h3MZLdXOQ977gwgEU5g0qkkmnO3r9XLb3Kw7P8PulxiYDswItgnddsqhB-FmWeVh9Q7-jMBnueOYGy_nx1YMNK9nE8vHmQk3U_bYb336XY51eL2IoEce2ejsXZXWIlfREYeXM4PKb4nZjLUVPpTIVRr70NgohjMDWpd5Taf2mND4HQPAOFcDRPeBOoY2NoARYIKaP1iVhIgCjfyZXpq-ZYFvzsUyrA5Zm3dIr2p0ymEyme7T5pqleqKSytAtNbximMKwleqCnhy_iGocsIoaDV64FpwgMkhKn_5Y14rDmyCZiL7LowVHXUT11Co63xte9LbH1d7bDcbKT31fo0fMYWchuQOJBKBQ7kkRAlKPoFzRnA7F1tpkfAoqkJJrAo6FeNx9CpqRWDqnxukqDEJersi_VFLq4mf9thnKXQ4P8pJhJQ2M1sYVK1eTfbXEnoC-esFYtUfaIkZU_GlukKaP0xfpmbaGBZb5ij9-gT7CGWoIm6fP_n5oX9AbkrHr-seIO913DgUfIpaf86v2VnvaNfuLr0MsHHsR_9UuLBmQeefizmvz3EXbRfMv_K_z8328e0t5QhecMN5HvTs_WxV4pFI', '', '2020-08-04 11:05:57', '2020-08-04 11:05:57'),
(37, 'sdfsdf', 'fsfdsdf', '1119997773', 'fyu@gmail.com', NULL, '$2y$10$SqWDHnqm6rUSbdbruzlbm.r4lXA8eOXx9Q5S/H9zWK0Iy.RCbh81a', 'eyJ0eXAiOiJKV1QiLCJhbGciOiJSUzI1NiJ9.eyJhdWQiOiIxIiwianRpIjoiYzViNTU2MDhjZTA0MTYzYjIzZWNkNjliNDc0NTljODM3YTM4NTE1MTU0ZDNjZDViYTVhZmYxNTQzMWUzNDVhYzAyOTJkM2NjOTZhOTliODEiLCJpYXQiOjE1OTY1NTkzNTgsIm5iZiI6MTU5NjU1OTM1OCwiZXhwIjoxNjI4MDk1MzU4LCJzdWIiOiIzNyIsInNjb3BlcyI6W119.d97eQ5GuZmZbZkBcbsFT1L_vCnCPMz4LriRYButpWfBYwnFpO9LVoFXJuW1o8yp2s-TWcG9z828VU5uWDdGXZADjJisRLeNB9rY7HlmAF9KsKUpotUedt6X7s6MiX-sy4zh1x-Amm9fZ0mUX9GfHX-ZZYEeFqqW-5f1FdIcVh1xX0-Mw8P3KEYO78_rlWQ05rzOGUuehbZL6CqS7KeIkQ8edjOJ5sflUiNqKmOYPkvjqzplvp7IVSoy3JZ0-42JfmcFwEaNG2vybPNzyXEKHDcyWGKh1Cy4yx-RY3w3mSRc8iiSgsbMLxpL7F8l3gNdk3jL7Pdo4eeIqUqqXCy6c6Te542lZacX-N3969kU4AntI18KaZviwpp8HPFxmVJk4SHrbOcYTiLhDqrqSTO-j9AsRfmWoi0sie5lYhFjemfShUqqoxANEzBshzBugDU9CKlKYx4PLsVas6s0hq3RjwV9CnEz05suosTIiJlD5A_r1NhAfbMIC4Ji403_pPji7V7N5IAUQ8Ic3KlwwOpdPB_eKiA1dfXCcf4zN3BO2f92KwfIw9KgaFK5rqyeGXhZos1cSxiCDjH3s39twzRL31JJgyMgabFYJrrDc9hGeJJmGbVno3ZrdiUbMF2ZeVJZ3W-0ioaifcUiIanx_llW5lTBvQnwbaKq1VIxVtFAwheA', '', '2020-08-04 11:12:38', '2020-08-04 11:12:38'),
(38, 'sdsdasd', 'asdasd', '9638045899', 'harsiddhi222@fgmail.com', NULL, '$2y$10$5zAO6K2Kqu4AA0P2p/tpF.xSlhrwNILZ96DDoaGCZtlgd3UwWC0F6', 'eyJ0eXAiOiJKV1QiLCJhbGciOiJSUzI1NiJ9.eyJhdWQiOiIxIiwianRpIjoiNzJiYTJiOGE0ZTEwNGJiMmYyYWQ1NzA5ZTY4YzZkYWNiNDE0YzA2ODhjMzU2MzEyY2JhMDI0OGJmNTdjNTgzMTQyYjY0ZmVlNDlhNTJjMzEiLCJpYXQiOjE1OTY1NjAxMzMsIm5iZiI6MTU5NjU2MDEzMywiZXhwIjoxNjI4MDk2MTMzLCJzdWIiOiIzOCIsInNjb3BlcyI6W119.XqatWbEwL9nr1con3ReNFTSKn7eG-oCkbB-AijtJNaSK_o_QGgpMqn9NeLjCnQzJmnTvXLPKd1oZCDfP_7Dgp8EVfbBYBSBfqfMMk99Is_97vYyIomYIIJUYiWRgaQ_07rSwutqwNVJDgdrbSPh6LL5aHCGdpgJ0yslX2Wr-jQJb3rk9u3TMnZeWhjFTfXpZ00ihVaQPaGWtjRzOYh0SXlFQeF4SMdi43ydm9XADbDmizA10WXlvWQ5CfVWvGRUeEcUEp3AvWQcVEJstDH8smPVEtBiTZ20yvh62Onlhc-gn_kYUtjA29ytGwNpybt5QZQVjIUKZmZEYwgvXExfTefy8nAv-lMXYmqe-4Q7wGu5eoLMQNWQMK_nqc8dv2XkX1Ql3EcCWkRQthPtuV5Eu-acB4zAHI3g5bI5bC3dbkYexAEgLFqVfrwDt_G9qqaWOUiwx0Bj3ONYOaQXxDgIIy5B0sEURD9v4NbIIJ35OcB7_k2cdI4IYLNXFL72hJ2MPceEq3pcreeDlky0KUj_-5S7gTKeRFZ0C1L0iltiNtgg1C-nWvCUYED6sKOtH9OXMbhit_KCUbNNlfnU5VCEOZVjFFmkK5eC_dMTSow4jh81BlO6Qon0SY4dTA5s9IM7W-KoZxVo03LCt_bp7RX7uYRehAsyryZsAwvSGlCQonFo', '', '2020-08-04 11:25:33', '2020-08-04 11:25:33'),
(39, 'rtertertfdsfdsf', 'sdfsdf', '8885552221', 'harsiddhirt@gmail.com', NULL, '$2y$10$uDoPpUy.sqFaqxjlulM8DOVGWH4wrRSEN9oJVHuuZC45dBU7puM/2', NULL, 'eyJ0eXAiOiJKV1QiLCJhbGciOiJSUzI1NiJ9.eyJhdWQiOiIxIiwianRpIjoiZmQwNzMzNDc1NGI5NDk4YmYyYzE1MTNiOTY2NjVjYzdhODFmMDYyNjhjZGI1NmRiNGIzZmNhYTg0YmQxOThkMGFlNjZlMTEwMjZmZDBlYzMiLCJpYXQiOjE1OTY3MTAzNDMsIm5iZiI6MTU5NjcxMDM0MywiZXhwIjoxNjI4MjQ2MzQyLCJzdWIiOiIzOSIsInNjb3BlcyI6W119.RHestVK4R_S-iR6j7gWn9sVPqUEBGq5akwsBmZgF12zu4CXBlfEoKC7A3KeQt6W82YEZQ2jndmJRcy6nIt3eoh4NVGyfbDS5E-ACPjBg40S4tw1ianiOvooth-6fYmNrT3E_pBEHYdrMOevk2AI3o5SsMiWN9T4dSxdZtm47EhdK3WQsuesPlFVSUyOTapeGOOZv_BWw8IsMGG-RVepTN1e4vgwSHJ--eO8LhwP4pCzTVJLB_OAdCOjuqUtt5LoJcbxt_0SGK-mgCMqGwTVEh3_02WT5aNqoVExHoDhoBLmOgFI6aC1lHJAHzyWbFFsS228g6tvZ_4cIiSl-2BCxixBDTbxUVonZHhJTNCP9H3UG9PbPXC0jeBEl6BnKfMF_m9M8H2j8UC-1D2y5PeJxFJAmWIFWk4mGALiZIzLEwcZGZF3oX7nDj7737y7Z2XfpFrQ4ug1zRWj0aZQlJlOuWrbPjtlvyQQqKWqv6cN8V8PKkThZ_VhxjX7WDKRpXbhBiNeAEVSgN_0YCh-0iXfFfWrUE3o6l4QfjUQV9kQNRHJcnZ4rj_RI9VtIR4apEP1T3MGiH4JxylbBrvLJpNTK22lEaMfyRRlLv4sdb9KlCi3i0XcVwzDrj2utgTXwof02yE52XJIu0D0LAJ84dvC2kPikVWLrHdt_drY4EAMLsFA', '2020-08-06 05:09:00', '2020-08-06 05:09:00');

--
-- Indexes for dumped tables
--

--
-- Indexes for table `category`
--
ALTER TABLE `category`
  ADD PRIMARY KEY (`category_id`);

--
-- Indexes for table `failed_jobs`
--
ALTER TABLE `failed_jobs`
  ADD PRIMARY KEY (`id`);

--
-- Indexes for table `migrations`
--
ALTER TABLE `migrations`
  ADD PRIMARY KEY (`id`);

--
-- Indexes for table `oauth_access_tokens`
--
ALTER TABLE `oauth_access_tokens`
  ADD PRIMARY KEY (`id`),
  ADD KEY `oauth_access_tokens_user_id_index` (`user_id`);

--
-- Indexes for table `oauth_auth_codes`
--
ALTER TABLE `oauth_auth_codes`
  ADD PRIMARY KEY (`id`),
  ADD KEY `oauth_auth_codes_user_id_index` (`user_id`);

--
-- Indexes for table `oauth_clients`
--
ALTER TABLE `oauth_clients`
  ADD PRIMARY KEY (`id`),
  ADD KEY `oauth_clients_user_id_index` (`user_id`);

--
-- Indexes for table `oauth_personal_access_clients`
--
ALTER TABLE `oauth_personal_access_clients`
  ADD PRIMARY KEY (`id`);

--
-- Indexes for table `oauth_refresh_tokens`
--
ALTER TABLE `oauth_refresh_tokens`
  ADD PRIMARY KEY (`id`),
  ADD KEY `oauth_refresh_tokens_access_token_id_index` (`access_token_id`);

--
-- Indexes for table `password_resets`
--
ALTER TABLE `password_resets`
  ADD KEY `password_resets_email_index` (`email`);

--
-- Indexes for table `product`
--
ALTER TABLE `product`
  ADD PRIMARY KEY (`producr_id`),
  ADD KEY `category_fk_id` (`category_fk_id`);

--
-- Indexes for table `users`
--
ALTER TABLE `users`
  ADD PRIMARY KEY (`id`),
  ADD UNIQUE KEY `users_email_unique` (`email`);

--
-- AUTO_INCREMENT for dumped tables
--

--
-- AUTO_INCREMENT for table `category`
--
ALTER TABLE `category`
  MODIFY `category_id` int(11) NOT NULL AUTO_INCREMENT, AUTO_INCREMENT=5;

--
-- AUTO_INCREMENT for table `failed_jobs`
--
ALTER TABLE `failed_jobs`
  MODIFY `id` bigint(20) UNSIGNED NOT NULL AUTO_INCREMENT;

--
-- AUTO_INCREMENT for table `migrations`
--
ALTER TABLE `migrations`
  MODIFY `id` int(10) UNSIGNED NOT NULL AUTO_INCREMENT, AUTO_INCREMENT=9;

--
-- AUTO_INCREMENT for table `oauth_clients`
--
ALTER TABLE `oauth_clients`
  MODIFY `id` bigint(20) UNSIGNED NOT NULL AUTO_INCREMENT, AUTO_INCREMENT=3;

--
-- AUTO_INCREMENT for table `oauth_personal_access_clients`
--
ALTER TABLE `oauth_personal_access_clients`
  MODIFY `id` bigint(20) UNSIGNED NOT NULL AUTO_INCREMENT, AUTO_INCREMENT=2;

--
-- AUTO_INCREMENT for table `product`
--
ALTER TABLE `product`
  MODIFY `producr_id` int(11) NOT NULL AUTO_INCREMENT, AUTO_INCREMENT=6;

--
-- AUTO_INCREMENT for table `users`
--
ALTER TABLE `users`
  MODIFY `id` bigint(20) UNSIGNED NOT NULL AUTO_INCREMENT, AUTO_INCREMENT=40;

--
-- Constraints for dumped tables
--

--
-- Constraints for table `product`
--
ALTER TABLE `product`
  ADD CONSTRAINT `product_ibfk_1` FOREIGN KEY (`category_fk_id`) REFERENCES `category` (`category_id`) ON DELETE CASCADE ON UPDATE CASCADE;
COMMIT;

/*!40101 SET CHARACTER_SET_CLIENT=@OLD_CHARACTER_SET_CLIENT */;
/*!40101 SET CHARACTER_SET_RESULTS=@OLD_CHARACTER_SET_RESULTS */;
/*!40101 SET COLLATION_CONNECTION=@OLD_COLLATION_CONNECTION */;
